mode,route_id,route_short_name,route_long_name,med_minutes
bus,1223,326,ΣΤ. ΚΑΝΤΖΑ - ΣΠΑΤΑ - ΑΡΤΕΜΙΣ (ΚΥΚΛΙΚΗ),60.00
bus,890,819,ΠΕΡΑΜΑ - ΝΕΚΡ. ΣΧΙΣΤΟΥ,60.00
bus,1560,734,ΑΧΑΡΝΑΙ - ΝΟΣ. ΑΓ. ΑΝΑΡΓΥΡΟΙ (ΚΥΚΛΙΚΗ),59.40
bus,1124,123,ΣΑΡΩΝΙΔΑ-ΑΝΑΒΥΣΣΟΣ-ΠΑΛΑΙΑ ΦΩΚΑΙΑ (ΚΥΚΛΙΚΗ),57.42
bus,1547,Χ97,ΑΕΡΟΛΙΜΕΝΑΣ ΑΘΗΝΩΝ - ΣΤ. ΕΛΛΗΝΙΚΟ (EXPRESS) (ΚΥΚΛΙΚΗ),55.23
bus,939,101,ΑΛΙΜΟΣ - ΕΛΛΗΝΙΚΟ,55.00
bus,904,537,ΑΧΑΡΝΑΙ - ΒΑΡΥΜΠΟΜΠΗ,55.00
bus,1134,726,ΑΧΑΡΝΑΙ (ΜΕΣΟΝΥΧΙ) - ΘΡΑΚΟΜΑΚΕΔΟΝΕΣ (BOYNO)   (ΚΥΚΛΙΚΗ),55.00
bus,1646,314,Β* ΣΤ. ΔΟΥΚ. ΠΛΑΚΕΝΤΙΑΣ - ΠΑΛΛΗΝΗ - Ν. ΒΟΥΤΖΑΣ (2ο Γυμνάσιο),55.00
bus,979,541,ΜΕΤΑΜΟΡΦΩΣΗ - ΣΤ. ΑΜΑΡΟΥΣΙΟΥ (ΚΥΚΛΙΚΗ),54.73
bus,854,871,ΠΕΙΡΑΙΑΣ - ΕΛΕΥΣΙΝΑ (ΜΕΣΩ Λ. ΕΘΝ. ΑΝΤΙΣΤΑΣΕΩΣ),54.67
bus,1550,755Β,ΑΧΑΡΝΑΙ-ΚΟΚΚΙΝΟΣ ΜΥΛΟΣ-ΣΤ. ΚΑΤΩ ΠΑΤΗΣΙΑ (ΚΥΚΛΙΚΗ ΜΕΣΩ ΧΑΡΑΥΓΗΣ),51.15
bus,1681,310,ΜΑΡΑΘΩΝΑΣ - ΝΕΑ ΜΑΚΡΗ - ΡΑΦΗΝΑ - ΜΑΤΙ - ΜΑΡΑΘΩΝΑΣ (ΚΥΚΛΙΚΗ),50.00
bus,1165,301Β,ΣΤ. ΔΟΥΚ. ΠΛΑΚΕΝΤΙΑΣ-ΑΝΘΟΥΣΑ-ΠΕΝΤΕΛΗ (ΚΥΚΛΙΚΗ),50.00
bus,750,024,ΑΓ. ΑΝΑΡΓΥΡΟΙ - ΣΤ. ΚΑΤΩ ΠΑΤΗΣΙΑ (ΚΥΚΛΙΚΗ),50.00
bus,836,560,ΣΤ. ΚΗΦΙΣΙΑ - ΜΟΡΤΕΡΟ - Ν. ΕΡΥΘΡΑΙΑ,50.00
bus,1707,712,ΑΧΑΡΝΑΙ - ΕΡΓ. ΠΟΛΥΚΑΤΟΙΚΙΕΣ - Α. ΛΙΟΣΙΑ ,50.00
bus,883,914,ΟΜΟΝΟΙΑ - ΛΑΧΑΝΑΓΟΡΑ - ΠΑΛ. ΚΟΚΚΙΝΙΑ (ΚΥΚΛΙΚΗ),49.57
bus,942,142,ΣΤ. ΑΡΓΥΡΟΥΠΟΛΗ - ΚΑΛΑΜΑΚΙ (ΚΥΚΛΙΚΗ),45.00
bus,1624,543Α,ΣΤΑΘΜΟΣ ΚΗΦΙΣΙΑΣ - ΝΟΣ. ΑΓ. ΑΝΑΡΓΥΡΟΙ (ΜΕΣΩ ΚΑΛΥΦΤΑΚΗ) (ΚΥΚΛΙΚΗ),45.00
bus,1183,891,ΑΓ. ΒΑΡΒΑΡΑ - ΑΙΓΑΛΕΩ - ΠΕΡΙΣΤΕΡΙ - ΣΤΑΘ. ΑΤΤΙΚΗΣ (ΚΥΚΛΙΚΗ),45.00
bus,996,862,ΠΑΡΑΛΙΑ - ΑΝΩ ΕΛΕΥΣΙΝΑ,45.00
bus,911,878,ΑΧΑΡΝΑΙ - ΕΛΕΥΣΙΝΑ,45.00
bus,1162,301,ΣΤ. ΔΟΥΚ. ΠΛΑΚΕΝΤΙΑΣ - ΑΝΘΟΥΣΑ - ΠΕΝΤΕΛΗ (ΚΥΚΛΙΚΗ),45.00
bus,912,879,ΑΧΑΡΝΑΙ - ΘΡΙΑΣΙΟ ΝΟΣΟΚΟΜΕΙΟ - ΕΛΕΥΣΙΝΑ,45.00
bus,1129,324,ΑΝΘΟΥΣΑ-ΠΑΛΛΗΝΗ-ΚΑΝΤΖΑ (ΚΥΚΛΙΚΗ),44.13
bus,1623,543,ΣΤΑΘΜΟΣ ΚΗΦΙΣΙΑΣ - ΝΟΣ. ΑΓ. ΑΝΑΡΓΥΡΟΙ (ΚΥΚΛΙΚΗ),43.00
bus,1056,444,ΣΤ. ΕΙΡΗΝΗ - ΓΑΛΑΤΣΙ - ΣΤ. ΑΝΩ ΠΑΤΗΣΙΑ (ΚΥΚΛΙΚΗ),41.23
bus,871,Β1,ΠΕΙΡΑΙΑΣ - ΑΝΩ ΓΛΥΦΑΔΑ,40.00
bus,1354,803,ΠΕΙΡΑΙΑΣ - ΔΑΣΟΣ ΧΑΪΔΑΡΙΟΥ,40.00
bus,1259,749,ΟΙΚΙΣΜΟΣ ΓΕΝΝΗΜΑΤΑ-ΣΤ. ΠΡΟΑΣΤΙΑΚΟΥ (ΚΥΚΛΙΚΗ),40.00
bus,1384,711,ΣΤ. ΑΤΤΙΚΗ - ΖΩΦΡΙΑ,40.00
bus,907,733,ΑΧΑΡΝΑΙ - ΑΝΩ ΛΙΟΣΙΑ (ΚΥΚΛΙΚΗ),40.00
bus,984,640,ΤΟΠΙΚΗ ΗΡΑΚΛΕΙΟΥ (ΚΥΚΛΙΚΗ),40.00
bus,1017,911,ΣΤΑΘ. ΚΑΛΛΙΘΕΑΣ - ΙΔΡ. ΤΥΦΛΩΝ (ΚΥΚΛΙΚΗ),40.00
bus,1133,725,ΑΧΑΡΝΑΙ (ΜΕΣΟΝΥΧΙ) - ΘΡΑΚΟΜΑΚΕΔΟΝΕΣ (ΠΛ.ΑΡΙΣΤΟΤΕΛΟΥΣ)  (ΚΥΚΛΙΚΗ),40.00
bus,940,120,ΓΛΥΦΑΔΑ - ΒΑΡΗ - ΠΡΟΑΣΤΙΑΚΟΣ ΣΤ. ΚΟΡΩΠΙΟΥ,40.00
bus,844,892,ΑΓ. ΒΑΡΒΑΡΑ - ΧΑΪΔΑΡΙ - ΑΓ. ΑΝΑΡΓΥΡΟΙ-ΙΛΙΟΝ,40.00
bus,857,825,ΝΕΑΠΟΛΗ - ΑΓ. ΑΝΤΩΝΙΟΣ - ΠΕΙΡΑΙΑΣ Β (ΚΥΚΛΙΚΗ),39.29
bus,1043,330,ΚΟΡΩΠΙ - ΑΓ. ΜΑΡΙΝΑ (ΚΥΚΛΙΚΗ),38.23
bus,820,861,ΕΛΕΥΣΙΝΑ - ΜΑΝΔΡΑ (ΟΙΚΙΣΜΟΣ ΤΙΤΑΝ),35.67
bus,977,501,ΠΕΥΚΗ - ΜΑΡΟΥΣΙ (ΚΥΚΛΙΚΗ),35.00
bus,1034,229,ΠΕΙΡΑΙΑΣ - ΑΓ. ΔΗΜΗΤΡΙΟΣ - ΣΤ. ΔΑΦΝΗ,35.00
bus,813,881,ΕΛΕΥΣΙΝΑ - ΑΣΠΡΟΠΥΡΓΟΣ - ΡΟΥΠΑΚΙ,35.00
bus,978,527,ΠΕΥΚΗ - ΝΕΡΑΤΖΙΩΤΙΣΣΑ (ΚΥΚΛΙΚΗ),35.00
bus,1001,524,ΣΤΑΘΜΟΣ ΚΗΦΙΣΙΑΣ - ΠΟΛΙΤΕΙΑ (ΚΥΚΛΙΚΗ),35.00
bus,976,447,ΧΑΛΑΝΔΡΙ - ΑΝΩ ΒΡΙΛΗΣΣΙΑ,35.00
bus,944,162,ΒΟΥΛΑ - ΠΑΝΟΡΑΜΑ (ΚΥΚΛΙΚΗ),35.00
bus,998,522,ΣΤΑΘΜΟΣ ΚΗΦΙΣΙΑΣ - ΑΔΑΜΕΣ Α (ΚΥΚΛΙΚΗ),35.00
bus,1085,18,ΜΟΥΣΕΙΟ - ΧΑΛΑΝΔΡΙ (ΜΕΣΩ ΕΘΝ. ΑΝΤΙΣΤΑΣΕΩΣ),35.00
bus,997,523,ΣΤΑΘΜΟΣ ΚΗΦΙΣΙΑΣ - ΑΔΑΜΕΣ Β (ΚΥΚΛΙΚΗ),35.00
bus,1147,727,ΜΕΣΟΝΥΧΙ - ΑΓ. ΚΩΝΣΤΑΝΤΙΝΟΣ - ΑΓ.ΠΑΡΑΣΚΕΥΗ (ΚΥΚΛΙΚΗ),35.00
bus,1400,828,ΠΕΙΡΑΙΑΣ - ΘΗΒΩΝ - ΣΤ. ΝΙΚΑΙΑ (ΚΥΚΛΙΚΗ),35.00
bus,1033,217,ΠΕΙΡΑΙΑΣ - ΑΓ. ΔΗΜΗΤΡΙΟΣ - ΣΤ. ΔΑΦΝΗ,35.00
bus,1521,Χ93,ΣΤ. ΥΠΕΡ. ΛΕΩΦ. ΚΗΦΙΣΟΥ - ΑΕΡΟΛΙΜΕΝΑΣ ΑΘΗΝΩΝ (EXPRESS),34.72
bus,1158,25,ΣΤ. ΑΓ. ΑΝΤΩΝΙΟΣ - ΙΛΙΟΝ - ΚΑΜΑΤΕΡΟ (ΚΥΚΛΙΚΗ),33.23
bus,892,Χ96,ΠΕΙΡΑΙΑΣ - ΑΕΡ/ΝΑΣ ΑΘΗΝΩΝ (EXPRESS),30.00
bus,1014,860,Π. ΦΑΛΗΡΟ - ΓΕΝ. ΚΡΑΤΙΚΟ ΝΙΚΑΙΑΣ - ΣΧΙΣΤΟ ΚΕΡΑΤΣΙΝΙΟΥ,30.00
bus,851,130,ΠΕΙΡΑΙΑΣ - Ν. ΣΜΥΡΝΗ (ΚΥΚΛΙΚΗ),30.00
bus,914,507,ΖΗΡΙΝΕΙΟ - ΡΟΔΟΠΟΛΗ - ΣΤΑΜΑΤΑ,30.00
bus,905,728,ΑΧΑΡΝΑΙ- ΑΓ.ΠΕΤΡΟΣ- ΑΓ.ΙΩΑΝΝΗΣ-ΠΛΑΤΩΝΑΣ (ΚΥΚΛΙΚΗ),30.00
bus,1715,827,ΠΕΙΡΑΙΑΣ - ΑΣΠΡΑ ΧΩΜΑΤΑ - ΣΤ. ΝΙΚΑΙΑ (ΚΥΚΛΙΚΗ),30.00
bus,935,622,ΓΟΥΔΗ - ΑΝΩ ΓΑΛΑΤΣΙ,30.00
bus,1381,19Β,ΜΟΥΣΕΙΟ - ΧΑΛΑΝΔΡΙ (ΣΙΔΕΡΑ) (ΚΥΚΛΙΚΗ),30.00
bus,1057,651,ΨΥΧΙΚΟ - ΠΑΝΟΡΜΟΥ Α (ΚΥΚΛΙΚΗ),30.00
bus,845,731,ΑΝΘΟΥΠΟΛΗ - ΣΤ. Μ. ΑΝΘΟΥΠΟΛΗ - ΑΤΤΙΚΟ ΝΟΣ. - ΔΑΣΟΣ,30.00
bus,1176,201,ΣΤ. ΑΓ. ΔΗΜΗΤΡΙΟΣ - ΑΡΓΥΡΟΥΠΟΛΗ (ΚΥΚΛΙΚΗ),30.00
bus,934,815,ΓΟΥΔΗ - ΤΑΥΡΟΣ,30.00
bus,1137,832,ΕΥΓΕΝΕΙΑ-ΧΑΡΑΥΓΗ-ΠΕΙΡΑΙΑΣ Α (ΚΥΚΛΙΚΗ),30.00
bus,1197,833,ΕΥΓΕΝΕΙΑ-ΧΑΡΑΥΓΗ-ΠΕΙΡΑΙΑΣ Β (ΚΥΚΛΙΚΗ),30.00
bus,1000,526,ΣΤΑΘΜΟΣ ΚΗΦΙΣΙΑΣ - ΚΕΦΑΛΑΡΙ (ΚΥΚΛΙΚΗ),30.00
bus,1042,306,ΣΤ.ΔΟΥΚ.ΠΛΑΚΕΝΤΙΑΣ-ΔΗΜ.ΓΕΡΑΚΑ-ΜΠΑΛΑΝΑ ΓΕΡΑΚΑ (ΚΥΚΛΙΚΗ),30.00
bus,1007,653,ΨΥΧΙΚΟ - ΠΑΝΟΡΜΟΥ Β (ΚΥΚΛΙΚΗ),30.00
bus,1041,307,ΣΤ. Δ.ΠΛΑΚΕΝΤΙΑΣ - ΓΛ. ΝΕΡΑ - ΣΤ.ΠΡΟΑΣΤ. ΚΟΡΩΠΙ,30.00
bus,1006,309,ΚΟΡΩΠΙ - ΣΤ. ΠΡΟΑΣΤΙΑΚΟΥ - ΚΟΡΩΠΙ (ΚΥΚΛΙΚΗ),30.00
bus,875,852,ΝΕΑΠΟΛΗ - ΣΤ. ΜΕΤΡΟ ΑΙΓΑΛΕΩ (ΚΥΚΛΙΚΗ),29.80
bus,1013,859,ΠΕΙΡΑΙΑΣ-ΔΕΞΑΜΕΝΕΣ-ΝΕΟΣ ΜΩΛΟΣ ΔΡΑΠΕΤΣΩΝΑΣ (ΚΥΚΛΙΚΗ),29.18
bus,1053,411,ΣΤ. ΔΟΥΚ. ΠΛΑΚΕΝΤΙΑΣ - ΣΙΣΜΑΝΟΓΛΕΙΟ - ΧΑΛΑΝΔΡΙ (ΚΥΚΛΙΚΗ),28.30
bus,1716,838,ΟΜΟΝΟΙΑ - ΡΕΝΤΗΣ - ΠΑΛ. ΚΟΚΚΙΝΙΑ - ΠΕΙΡΑΙΑΣ (ΚΥΚΛΙΚΗ),28.28
bus,1004,221,ΠΑΝΕΠΙΣΤΗΜΙΟΥΠΟΛΗ - ΑΚΑΔΗΜΙΑ (ΚΥΚΛΙΚΗ),28.00
bus,909,752,ΑΧΑΡΝΑΙ - ΑΓ. ΙΩΑΝΝΗΣ - ΑΓ. ΠΕΤΡΟΣ (ΚΥΚΛΙΚΗ),26.32
bus,802,405,ΣΤ. ΧΑΛΑΝΔΡΙ - ΜΕΛΙΣΣΙΑ (ΚΥΚΛΙΚΗ),26.19
bus,831,046,ΜΟΥΣΕΙΟ - ΕΛΛΗΝΟΡΩΣΩΝ,25.59
bus,817,025,ΙΠΠΟΚΡΑΤΟΥΣ - ΠΡΟΦΗΤΗ ΔΑΝΙΗΛ,25.00
bus,932,117,ΓΛΥΦΑΔΑ - ΒΟΥΛΙΑΓΜΕΝΗ - ΒΑΡΗ,25.00
bus,846,410,Ο.Α.Κ.Α. - ΑΝΩ ΜΕΛΙΣΣΙΑ (ΚΥΚΛΙΚΗ),25.00
bus,927,128,ΓΛΥΦΑΔΑ - ΤΕΡΨΙΘΕΑ (ΚΥΚΛΙΚΗ),25.00
bus,954,305,ΣΤ. ΝΟΜΙΣΜΑΤΟΚΟΠΕΙΟ - ΑΡΤΕΜΙΣ (ΑΓ. ΝΙΚΟΛΑΟΣ),25.00
bus,1063,619,ΜΕΤΑΜΟΡΦΩΣΗ - Ν. ΦΙΛΑΔΕΛΦΕΙΑ - ΣΤ. ΑΝΩ ΠΑΤΗΣΙΑ (ΚΥΚΛΙΚΗ),25.00
bus,1520,052,ΣΤ. ΕΛΑΙΩΝΑ - ΣΤ. ΥΠΕΡ. ΛΕΩΦ. ΚΗΦΙΣΟΥ (ΚΥΚΛΙΚΗ),25.00
bus,1062,461,ΣΤ. ΧΑΛΑΝΔΡΙ - Π. ΠΕΝΤΕΛΗ - ΧΑΛΑΝΔΡΙ (ΚΥΚΛΙΚΗ),25.00
bus,1061,460,ΣΤ. ΧΑΛΑΝΔΡΙ - ΧΑΛΑΝΔΡΙ - Π. ΠΕΝΤΕΛΗ,25.00
bus,823,704,ΚΑΜΑΤΕΡΟ - ΠΛ. ΑΓ. ΑΝΑΡΓΥΡΩΝ (ΚΥΚΛΙΚΗ),25.00
bus,1060,451,ΣΤ. ΧΑΛΑΝΔΡΙ - Ν. ΠΕΝΤΕΛΗ - ΧΑΛΑΝΔΡΙ (ΚΥΚΛΙΚΗ),25.00
bus,1059,450,ΣΤ. ΧΑΛΑΝΔΡΙ - ΧΑΛΑΝΔΡΙ - Ν. ΠΕΝΤΕΛΗ,25.00
bus,1055,446,ΣΤ. ΑΜΑΡΟΥΣΙΟΥ - ΝΟΣΟΚ. ΠΕΝΤΕΛΗΣ (ΜΕΣΩ ΠΙΚΠΑ),25.00
bus,1486,124,ΓΛΥΦΑΔΑ - ΑΓΙΑ ΤΡΙΑΔΑ - ΣΤ. ΑΡΓΥΡΟΥΠΟΛΗΣ (ΚΥΚΛΙΚΗ),25.00
bus,1045,323,ΑΓ.ΝΙΚΟΛΑΟΣ -  ΑΓ.ΚΥΡΙΑΚΗ -  ΒΡΑΥΡΩΝΑ (ΚΥΚΛΙΚΗ),25.00
bus,1729,205,ΓΛΥΦΑΔΑ - ΣΟΥΡΜΕΝΑ - ΤΕΡΨΙΘΕΑ (ΚΥΚΛΙΚΗ),25.00
bus,1326,406,ΠΕΥΚΑΚΙΑ -ΣΤ.ΔΟΥΚ.ΠΛΑΚΕΝΤΙΑΣ- ΣΤ.ΝΟΜΙΣΜΑΤΟΚΟΠΕΙΟ (ΚΥΚΛΙΚΗ),25.00
bus,990,747,ΠΕΤΡΟΥΠΟΛΗ - ΠΑΝΟΡΑΜΑ - ΣΤ. ΑΝΘΟΥΠΟΛΗ (ΚΥΚΛΙΚΗ),25.00
bus,985,610,ΦΙΛΟΘΕΗ - ΑΜΠΕΛΟΚΗΠΟΙ (ΚΥΚΛΙΚΗ),25.00
bus,982,642,ΗΡΑΚΛΕΙΟ - ΑΓ. ΝΕΚΤΑΡΙΟΣ - ΠΕΥΚΗ (ΚΥΚΛΙΚΗ),25.00
bus,1376,060,ΑΚΑΔΗΜΙΑ - ΛΥΚΑΒΗΤΤΟΣ (ΚΥΚΛΙΚΗ),25.00
bus,1383,Ε14,ΣΥΝΤΑΓΜΑ - Ο.Α.Κ.Α. - ΥΠ. ΠΑΙΔΕΙΑΣ (EXPRESS),25.00
bus,953,304,ΣΤ. ΝΟΜΙΣΜΑΤΟΚΟΠΕΙΟ - ΑΡΤΕΜΙΣ (ΒΡΑΥΡΩΝΑ),25.00
bus,1397,800,ΝΙΚΑΙΑ - ΣΤ. ΝΙΚΑΙΑ (ΚΥΚΛΙΚΗ),25.00
bus,818,026,ΙΠΠΟΚΡΑΤΟΥΣ - ΒΟΤΑΝΙΚΟΣ,25.00
bus,835,748,ΧΡΥΣΟΥΠΟΛΗ - ΑΝΘΟΥΠΟΛΗ - ΣΤ. ΠΕΡΙΣΤΕΡΙ (ΚΥΚΛΙΚΗ),25.00
bus,1404,837,ΑΓΙΑ ΒΑΡΒΑΡΑ - ΣΤ.ΑΓ.ΒΑΡΒΑΡΑ - ΣΤ.ΑΓ.ΜΑΡΙΝΑ (ΚΥΚΛΙΚΗ),25.00
bus,1069,1,ΠΛ. ΑΤΤΙΚΗΣ - ΚΑΛΛΙΘΕΑ - ΜΟΣΧΑΤΟ,25.00
bus,948,212,ΣΤ. ΔΑΦΝΗ - ΥΜΗΤΤΟΣ - ΒΥΡΩΝΑΣ - ΚΑΡΕΑΣ,25.00
bus,999,530,ΣΤΑΘΜΟΣ ΚΗΦΙΣΙΑΣ - ΜΕΛΙΣΣΙΑ - Ν. ΠΕΝΤΕΛΗ,25.00
bus,937,140,ΠΟΛΥΓΩΝΟ - ΓΛΥΦΑΔΑ,24.97
bus,885,300,ΠΛ. ΚΑΡΑΪΣΚΑΚΗ - ΤΖΑΝΕΙΟ (ΚΥΚΛΙΚΗ),24.55
bus,1272,314,ΣΤ. ΔΟΥΚ. ΠΛΑΚΕΝΤΙΑΣ - ΠΑΛΛΗΝΗ - ΡΑΦΗΝΑ,23.07
bus,1247,706,ΣΤ. ΑΓ. ΑΝΤΩΝΙΟΣ-ΙΛΙΟΝ (ΜΕΣΩ Λ. ΑΝ. ΠΑΠΑΝΔΡΕΟΥ),21.82
bus,1720,209,ΥΜΗΤΤΟΣ - ΜΕΤΑΜΟΡΦΩΣΗ - ΣΥΝΤΑΓΜΑ (ΚΥΚΛΙΚΗ),21.59
bus,1076,16,ΑΓ. ΙΩΑΝΝΗΣ ΡΕΝΤΗΣ - ΠΕΙΡΑΙΑΣ (ΚΥΚΛΙΚΗ),21.47
bus,1244,700,ΠΕΤΡΟΥΠΟΛΗ (ΑΓ. ΤΡΙΑΔΑ)-ΣΤ. ΑΝΘΟΥΠΟΛΗ (ΚΥΚΛΙΚΗ),20.77
bus,1030,137,ΑΝΩ Ν. ΣΜΥΡΝΗ Α - ΣΤ. ΣΥΓΓΡΟΥ ΦΙΞ (ΚΥΚΛΙΚΗ),20.73
bus,1031,136,ΑΝΩ Ν. ΣΜΥΡΝΗ Β - ΣΤ. ΣΥΓΓΡΟΥ ΦΙΞ (ΚΥΚΛΙΚΗ),20.45
bus,950,235,ΖΩΓΡΑΦΟΥ - ΑΚΑΔΗΜΙΑ (ΚΥΚΛΙΚΗ),20.00
bus,1010,818,ΛΙΜ. ΠΕΡΑΜΑΤΟΣ - ΑΝΩ ΠΕΡΑΜΑ (ΚΥΚΛΙΚΗ),20.00
bus,1021,Β10,ΣΤΑΘΜΟΣ ΛΑΡΙΣΗΣ - ΑΧΑΡΝΑΙ (ΜΕΣΩ ΑΡΙΣΤΟΤΕΛΟΥΣ),20.00
bus,1026,106,ΑΓ. ΒΑΡΒΑΡΑ - ΣΤ. ΣΥΓΓΡΟΥ ΦΙΞ (ΚΥΚΛΙΚΗ),20.00
bus,1027,126,ΠΑΛ. ΦΑΛΗΡΟ - ΣΤ. ΣΥΓΓΡΟΥ ΦΙΞ (ΚΥΚΛΙΚΗ),20.00
bus,1050,402,ΣΤ. ΚΑΤΕΧΑΚΗ - ΠΟΛΥΔΡΟΣΟ,20.00
bus,1065,740,ΟΛΥΜΠ. ΧΩΡΙΟ - ΣΚΑ - ΑΧΑΡΝΑΙ - ΑΓ. ΑΝΝΑ (ΚΥΚΛΙΚΗ),20.00
bus,1070,2,ΑΝΩ ΚΥΨΕΛΗ - ΠΑΓΚΡΑΤΙ - ΚΑΙΣΑΡΙΑΝΗ,20.00
bus,1074,15,ΠΕΤΡΑΛΩΝΑ - ΔΙΚΑΣΤΗΡΙΑ - ΕΛ. ΒΕΝΙΖΕΛΟΥ,20.00
bus,1081,24,ΠΕΤΡΟΥΠΟΛΗ - ΙΛΙΟΝ - ΣΤ. ΑΓ. ΑΝΤΩΝΙΟΣ (ΚΥΚΛΙΚΗ),20.00
bus,1083,20,Ν. ΦΑΛΗΡΟ - ΚΑΣΤΕΛΛΑ - ΔΡΑΠΕΤΣΩΝΑ,20.00
bus,1131,709,ΤΟΠΙΚΟ ΔΡΟΣΟΥΠΟΛΗΣ,20.00
bus,1164,420,ΠΕΙΡΑΙΑΣ - ΑΓ. ΑΝΑΡΓΥΡΟΙ  (ΜΕΣΩ ΚΗΦΙΣΟΥ) ,20.00
bus,1175,131,ΑΜΑΞ. ΑΓ. ΔΗΜΗΤΡΙΟΥ - ΣΤ. ΔΑΦΝΗΣ (ΚΥΚΛΙΚΗ),20.00
bus,1327,407,ΣΤ.ΔΟΥΚ.ΠΛΑΚΕΝΤΙΑΣ- Ν. ΖΩH-ΣΤ.ΝΟΜΙΣΜΑΤΟΚΟΠΕΙΟ (ΚΥΚΛΙΚΗ),20.00
bus,1357,409,ΠΑΠΑΓΟΥ - ΣΤ. ΕΘΝ. ΑΜΥΝΑ  (ΚΥΚΛΙΚΗ),20.00
bus,1373,720,ΑΝΑΚΑΣΑ - ΑΓ. ΑΝΑΡΓΥΡΟΙ - ΣΤ. ΑΤΤΙΚΗ (ΚΥΚΛΙΚΗ),20.00
bus,1395,842,ΠΕΡΑΜΑ - ΣΤ.ΚΟΡΥΔΑΛΛΟΣ (ΚΥΚΛΙΚΗ),20.00
bus,1396,841,ΠΕΡΑΜΑ - ΣΤ. ΝΙΚΑΙΑ (ΚΥΚΛΙΚΗ),20.00
bus,1401,806,ΣΧΙΣΤΟ - ΚΑΡΑΒΑΣ  - ΣΤ. ΚΟΡΥΔΑΛΛΟΣ (ΚΥΚΛΙΚΗ),20.00
bus,1402,809,ΣΧΙΣΤO - ΣΤ.ΝΙΚΑΙΑ - ΣΤ.ΚΟΡΥΔΑΛΛΟΣ (ΚΥΚΛΙΚΗ),20.00
bus,1417,735,ΑΧΑΡΝΑΙ - ΖΕΦΥΡΙ - ΣΤ. ΚΑΤΩ ΠΑΤΗΣΙΑ (ΚΥΚΛΙΚΗ),20.00
bus,1488,154,ΠΑΝ/ΜΑ ΒΟΥΛΑΣ - Α. ΓΛΥΦΑΔΑ - ΣΤ. ΑΡΓΥΡΟΥΠΟΛΗ (ΚΥΚΛΙΚΗ),20.00
bus,1617,861Β,ΕΛΕΥΣΙΝΑ – ΜΑΝΔΡΑ - ΒΙΛΙΑ - ΕΡΥΘΡΕΣ,20.00
bus,1648,830,ΑΓ. ΒΑΡΒΑΡΑ - ΣΤ. ΚΟΡΥΔΑΛΛΟΣ (ΚΥΚΛΙΚΗ),20.00
bus,1649,846,ΝΕΑΠΟΛΗ -  ΣΤ. ΝΙΚΑΙΑ (ΚΥΚΛΙΚΗ),20.00
bus,1650,810,ΣΧΙΣΤΟ - ΣΤ. ΚΟΡΥΔΑΛΛΟΣ (ΚΥΚΛΙΚΗ),20.00
bus,1652,814,ΣΧΙΣΤΟ ΚΑΡΑΒΑΣ - ΠΕΙΡΑΙΑΣ (ΚΥΚΛΙΚΗ),20.00
bus,1739,Α11,ΠΛ. ΒΑΘΗ - ΙΛΙΟΝ - ΠΕΤΡΟΥΠΟΛΗ (ΜΕΣΩ ΠΑΝΟΡΑΜΑΤΟΣ),20.00
bus,1740,Β11,ΠΛ. ΒΑΘΗ - ΙΛΙΟΝ - ΠΕΤΡΟΥΠΟΛΗ,20.00
bus,804,036,ΣΤ. ΚΑΤΕΧΑΚΗ-ΣΤ. ΠΑΝΟΡΜΟΥ-ΓΑΛΑΤΣΙ-ΚΥΨΕΛΗ (ΚΥΚΛΙΚΗ),20.00
bus,810,863,ΕΛΕΥΣΙΝΑ - ΘΡΙΑΣΙΟ ΝΟΣ. - ΜΑΝΔΡΑ ,20.00
bus,812,817,ΕΛΕΥΣΙΝΑ - ΜΑΝΔΡΑ,20.00
bus,819,049,ΠΕΙΡΑΙΑΣ - ΟΜΟΝΟΙΑ,20.00
bus,822,605,ΠΕΡΙΣΣΟΣ - ΑΝΩ ΠΑΤΗΣΙΑ (ΚΥΚΛΙΚΗ),20.00
bus,824,057,ΛΟΦΟΣ ΣΚΟΥΖΕ - ΟΜΟΝΟΙΑ (ΚΥΚΛΙΚΗ),20.00
bus,827,855,ΨΑΡΙ - ΑΣΠΡΟΠΥΡΓΟΣ - ΛΟΦΟΣ ΚΥΡΙΛΛΟΥ,20.00
bus,847,227,ΑΝΩ ΠΕΤΡΑΛΩΝΑ - ΑΓ. ΑΡΤΕΜΙΟΣ,20.00
bus,861,807,ΑΝΩ ΚΟΡΥΔΑΛΛΟΣ - ΣΤ. ΜΕΤΡΟ ΑΙΓΑΛΕΩ (ΚΥΚΛΙΚΗ),20.00
bus,862,811,ΧΑΪΔΑΡΙ - ΣΤ. ΑΓΙΑ ΜΑΡΙΝΑ (ΚΥΚΛΙΚΗ),20.00
bus,872,845,ΠΕΙΡΑΙΑΣ - ΕΛΕΥΣΙΝΑ (ΜΕΣΩ ΘΗΒΩΝ),20.00
bus,886,750,ΑΤΤΙΚΟ ΝΟΣΟΚΟΜΕΙΟ - ΣΤ. ΜΕΤΡΟ ΑΙΓΑΛΕΩ - ΝΙΚΑΙΑ,20.00
bus,899,821,ΑΓΙΑ ΑΝΑΣΤΑΣΙΑ - ΣΤ. ΑΓ. ΑΝΤΩΝΙΟΣ (ΚΥΚΛΙΚΗ),20.00
bus,903,Β15,ΣΤ. ΛΑΡΙΣΗΣ - ΠΑΛΑΤΑΚΙ,20.00
bus,916,536,ΖΗΡΙΝΕΙΟ - ΔΙΟΝΥΣΟΣ,20.00
bus,924,164,ΣΤ. ΑΓ. ΔΗΜΗΤΡΙΟΣ - Κ. ΗΛ/ΠΟΛΗ - ΑΡΓ/ΠΟΛΗ - ΤΕΡΨΙΘΕΑ,20.00
bus,961,910,ΣΤ. ΣΥΓΓΡΟΥ ΦΙΞ - ΤΖΙΤΖΙΦΙΕΣ (ΚΥΚΛΙΚΗ),20.00
bus,962,Α1,ΠΕΙΡΑΙΑΣ - ΒΟΥΛΑ,20.00
bus,987,701,ΚΑΜΑΤΕΡΟ - ΙΛΙΟΝ - ΣΤ. ΑΝΘΟΥΠΟΛΗ (ΚΥΚΛΙΚΗ),20.00
bus,989,730,ΛΟΦΟΣ ΑΞΙΩΜΑΤΙΚΩΝ - ΣΤ. ΑΓ. ΑΝΤΩΝΙΟΣ - ΖΩΟΔ. ΠΗΓΗ,20.00
bus,1187,509,ΖΗΡΙΝΕΙΟ - ΑΓ. ΣΤΕΦΑΝΟΣ - ΚΡΥΟΝΕΡΙ,19.78
bus,1449,109,ΣΤ. ΑΓ. ΔΗΜΗΤΡΙΟΣ - ΑΝΩ ΚΑΛΑΜΑΚΙ (ΚΥΚΛΙΚΗ),19.25
bus,1020,Α10,ΣΤΑΘΜΟΣ ΛΑΡΙΣΗΣ - ΑΧΑΡΝΑΙ,18.55
bus,1071,4,ΑΝΩ ΚΥΨΕΛΗ - ΑΓ. ΑΡΤΕΜΙΟΣ - ΣΤ. ΑΓ. ΙΩΑΝΝΗΣ,18.00
bus,808,813,ΑΒΕΡΩΦ - ΠΡΟΥΣΣΗΣ,17.68
bus,1721,211,ΥΜΗΤΤΟΣ - ΜΕΤΑΜΟΡΦΩΣΗ - ΑΚΑΔΗΜΙΑ (ΚΥΚΛΙΚΗ),17.32
bus,1073,6,ΙΠΠΟΚΡΑΤΟΥΣ - ΚΟΣΜΑΣ ΑΙΤΩΛΟΣ - Ν. ΦΙΛΑΔΕΛΦΕΙΑ,15.75
bus,1422,Α3,ΑΚΑΔΗΜΙΑ - ΓΛΥΦΑΔΑ (ΜΕΣΩ Λ. ΒΟΥΛΙΑΓΜΕΝΗΣ),15.00
bus,1421,Α2,ΑΚΑΔΗΜΙΑ - ΒΟΥΛΑ (ΜΕΣΩ Λ. ΑΜΦΙΘΕΑΣ),15.00
bus,1406,826,ΠΕΙΡΑΙΑΣ - ΑΓ. ΜΗΝΑΣ (ΚΥΚΛΙΚΗ),15.00
bus,1399,820,ΚΕΡΑΤΣΙΝΙ - ΣΤ.ΝΙΚΑΙΑ - ΔΡΑΠΕΤΣΩΝΑ (ΚΥΚΛΙΚΗ),15.00
bus,1025,Χ95,ΣΥΝΤΑΓΜΑ - ΑΕΡΟΛ. ΑΘΗΝΩΝ (EXPRESS),15.00
bus,867,723,ΦΥΛΗ - ΑΝΩ ΛΙΟΣΙΑ (ΚΥΚΛΙΚΗ),15.00
bus,1035,218,ΠΕΙΡΑΙΑΣ - ΣΤ. ΔΑΦΝΗ,15.00
bus,1453,811,ΧΑΪΔΑΡΙ - ΣΤ. ΑΓΙΑ ΜΑΡΙΝΑ (ΕΝΑΛΛΑΚΤΙΚΗ ΛΟΓΩ ΛΑΪΚΗΣ ΚΑΘΕ ΤΕΤΑΡΤΗ),15.00
bus,832,Γ12,ΚΑΜΑΤΕΡΟ - ΑΓ. ΝΙΚΟΛΑΟΣ - ΙΛΙΟΝ - ΠΟΛΥΤΕΧΝΕΙΟ (ΚΥΚΛΙΚΗ),15.00
bus,833,Α8,ΠΟΛΥΤΕΧΝΕΙΟ - Ν. ΙΩΝΙΑ - ΜΑΡΟΥΣΙ,15.00
bus,1450,Β2,ΣΤ. ΣΥΓΓΡΟΥ ΦΙΞ - ΑΓ.ΚΟΣΜΑΣ (ΜΕΣΩ ΠΑΡΑΛΙΑΚΗΣ) (ΚΥΚΛΙΚΗ),15.00
bus,837,719,ΚΗΠΟΥΠΟΛΗ - ΠΑΛΑΤΙΑΝΗ - ΣΤ. ΛΑΡΙΣΗΣ (ΚΥΚΛΙΚΗ),15.00
bus,1435,703,ΠΕΙΡΑΙΑΣ - ΑΓ. ΑΝΑΡΓΥΡΟΙ - ΑΓ. ΕΛΕΥΘΕΡΙΟΣ (ΜΕΣΩ ΘΗΒΩΝ),15.00
bus,874,831,ΠΕΙΡΑΙΑΣ - ΑΙΓΑΛΕΩ,15.00
bus,879,856,ΑΙΓΑΛΕΩ - ΥΜΗΤΤΟΣ - ΔΑΦΝΗ,15.00
bus,882,906,ΠΛ. ΚΑΡΑΪΣΚΑΚΗ - ΚΑΛΛΙΠΟΛΗ (ΚΥΚΛΙΚΗ),15.00
bus,1024,Β5,ΣΤ. ΛΑΡΙΣΗΣ - Λ. ΑΛΕΞΑΝΔΡΑΣ - ΑΓ. ΠΑΡΑΣΚΕΥΗ,15.00
bus,1237,418,ΣΤ. ΕΘΝΙΚΗΣ ΑΜΥΝΑΣ-ΣΧΟΛ. ΧΟΛΑΡΓΟΥ (ΚΥΚΛΙΚΗ),15.00
bus,1236,416,ΣΤ.ΕΘΝ.ΑΜΥΝΑΣ - ΧΟΛΑΡΓΟΣ (ΚΥΚΛΙΚΗ),15.00
bus,991,876,ΕΛΕΥΣΙΝΑ - ΣΤ. ΑΓ. ΜΑΡΙΝΑ (ΚΥΚΛΙΚΗ),15.00
bus,1023,Β9,ΧΑΛΚΟΚΟΝΔΥΛΗ - ΜΕΤΑΜΟΡΦΩΣΗ - Ν. ΚΗΦΙΣΙΑ,15.00
bus,1173,237,ΑΝΩ ΗΛΙΟΥΠΟΛΗ - ΣΤ. ΔΑΦΝΗΣ (ΚΥΚΛΙΚΗ),15.00
bus,1151,021,ΠΛΑΤΕΙΑ ΚΑΝΙΓΓΟΣ - ΓΚΥΖH (ΚΥΚΛΙΚΗ),15.00
bus,926,203,ΚΑΡΕΑΣ - ΑΚΑΔΗΜΙΑ (ΚΥΚΛΙΚΗ),15.00
bus,1086,17,ΠΕΙΡΑΙΑΣ - ΑΓ. ΓΕΩΡΓΙΟΣ (ΚΥΚΛΙΚΗ),15.00
bus,929,116,ΓΛΥΦΑΔΑ - ΒΑΡΗ - ΚΙΤΣΙ,15.00
bus,1080,12,ΖΑΠΠΕΙΟ - ΠΕΡΙΣΤΕΡΙ (ΑΓ. ΙΕΡΟΘΕΟΣ),15.00
bus,1079,11,ΑΝΩ ΠΑΤΗΣΙΑ - Ν. ΠΑΓΚΡΑΤΙ - Ν. ΕΛΒΕΤΙΑ,15.00
bus,1078,14 ,ΛΑΜΠΡΙΝΗ - Λ. ΑΛΕΞΑΝΔΡΑΣ - ΓΗΡΟΚΟΜΕΙΟ,15.00
bus,1077,10,ΤΖΙΤΖΙΦΙΕΣ - ΧΑΛΑΝΔΡΙ,15.00
bus,1072,5,ΛΑΜΠΡΙΝΗ - ΠΛ. ΣΥΝΤΑΓΜΑΤΟΣ - ΤΖΙΤΖΙΦΙΕΣ,15.00
bus,1066,823,ΣΤ. ΑΓ. ΑΝΤΩΝΙΟΣ - ΑΓ. ΒΑΣΙΛΕΙΟΣ (ΚΥΚΛΙΚΗ),15.00
bus,1015,904,ΠΛ. ΚΑΡΑΪΣΚΑΚΗ - ΣΤ. ΠΕΙΡΑΙΑ - ΦΡΕΑΤΤΥΔΑ (ΚΥΚΛΙΚΗ),15.00
bus,1700,112,ΑΓ. ΔΗΜΗΤΡΙΟΣ - ΣΤ. ΔΑΦΝΗ (ΑΠΟ ΣΤΑΣΗ ΜΑΚΡΥΓΙΑΝΝΗ),15.00
bus,1653,909,ΑΓ. ΒΑΣΙΛΕΙΟΣ - ΑΓ. ΣΟΦΙΑ - ΚΡΑΤ. ΝΙΚΑΙΑΣ,15.00
bus,975,230,ΑΚΡΟΠΟΛΗ - ΖΩΓΡΑΦΟΥ,15.00
bus,1643,829,ΠΑΔΑ ΑΡΧΑΙΟΣ ΕΛΑΙΩΝΑΣ - ΣΤ.ΑΙΓΑΛΕΩ - ΠΑΔΑ ΑΛΣΟΣ ΑΙΓΑΛΕΩ (ΚΥΚΛΙΚΗ),15.00
bus,1586,504,ΘΡΑΚΟΜΑΚΕΔΟΝΕΣ - ΚΗΦΙΣΙΑ (ΚΥΚΛΙΚΗ),15.00
bus,1058,Α5,ΑΚΑΔΗΜΙΑ - ΑΓ. ΠΑΡΑΣΚΕΥΗ - ΑΝΘΟΥΣΑ,15.00
bus,1047,319,ΣΤ. ΔΟΥΚ. ΠΛΑΚΕΝΤΙΑΣ - ΠΑΛΛΗΝΗ - ΕΚΠΤ. ΧΩΡΙΟ ΣΠΑΤΑ (ΚΥΚΛΙΚΗ),15.00
bus,1039,302,ΣΤ. ΔΟΥΚ. ΠΛΑΚΕΝΤΙΑΣ - ΓΕΡΑΚΑΣ (ΚΥΚΛΙΚΗ),15.00
bus,1556,054,ΠΕΡΙΣΣΟΣ - ΛΑΜΠΡΙΝΗ - ΟΜΟΝΟΙΑ (ΚΥΚΛΙΚΗ),15.00
bus,816,035,ΑΝΩ ΚΥΨΕΛΗ - ΠΕΤΡΑΛΩΝΑ - ΤΑΥΡΟΣ,15.00
bus,1539,122,ΣΤ. ΑΡΓΥΡΟΥΠΟΛΗ - ΣΑΡΩΝΙΔΑ,15.00
bus,1036,219,ΣΤ. ΚΑΛΛΙΘΕΑ - ΑΓ. ΔΗΜΗΤΡΙΟΣ,15.00
bus,981,602,Ν. ΙΩΝΙΑ - ΚΑΛΟΓΡΕΖΑ - ΣΤΑΘ. ΠΑΝΟΡΜΟΥ (ΚΥΚΛΙΚΗ),15.00
bus,1489,171,ΒΑΡΚΙΖΑ - ΣΤ. ΑΡΓΥΡΟΥΠΟΛΗ (ΚΥΚΛΙΚΗ),15.00
bus,965,Α7,ΣΤΟΥΡΝΑΡΗ - ΚΗΦΙΣΙΑ (ΠΛΑΤΕΙΑ ΠΛΑΤΑΝΟΥ),14.81
bus,1367,866,ΑΣΠΡΟΠΥΡΓΟΣ - ΣΤ. ΑΓ. ΜΑΡΙΝΑ (ΚΥΚΛΙΚΗ),14.72
bus,1144,755,ΑΧΑΡΝΑΙ-ΚΟΚΚΙΝΟΣ ΜΥΛΟΣ-ΣΤ. ΚΑΤΩ ΠΑΤΗΣΙΑ (ΚΥΚΛΙΚΗ),14.45
bus,1068,3,Ν. ΦΙΛΑΔΕΛΦΕΙΑ - ΑΝΩ ΠΑΤΗΣΙΑ - ΝΕΟ ΨΥΧΙΚΟ,14.33
bus,1178,204Β,ΕΚΕΜΣ - ΑΚΑΔΗΜΙΑ(ΚΥΚΛΙΚΗ),12.50
bus,983,604,ΝΟΣ. ΑΓ. ΑΝΑΡΓΥΡΟΙ - ΣΤ. ΜΕΤΑΜΟΡΦΩΣΗΣ - ΝΕΑ ΙΩΝΙΑ (ΚΥΚΛΙΚΗ),12.50
bus,1172,206,ΑΓ.ΜΑΡΙΝΑ - ΣΤ. ΔΑΦΝΗΣ (ΚΥΚΛΙΚΗ),12.48
bus,918,721,ΑΧΑΡΝΑΙ - ΚΗΦΙΣΙΑ (ΚΥΚΛΙΚΗ),10.70
bus,1082,21,ΝΙΚΑΙΑ - Π. ΡΑΛΛΗ - ΟΜΟΝΟΙΑ (ΚΥΚΛΙΚΗ),10.03
bus,1523,051,ΣΤ. ΥΠΕΡ. ΛΕΩΦ. ΚΗΦΙΣΟΥ - ΟΜΟΝΟΙΑ (ΜΕΣΩ ΑΚΑΔ. ΠΛΑΤ.)(ΚΥΚΛΙΚΗ),10.00
bus,959,550,Π. ΦΑΛΗΡΟ - ΚΗΦΙΣΙΑ,10.00
bus,1032,141,ΣΤ. ΔΑΦΝΗ - ΚΑΛΑΜΑΚΙ (ΚΥΚΛΙΚΗ),10.00
bus,1375,022,ΑΚΑΔΗΜΙΑ - Ν. ΚΥΨΕΛΗ (ΚΥΚΛΙΚΗ),10.00
bus,799,224,ΚΑΙΣΑΡΙΑΝΗ - ΕΛ. ΒΕΝΙΖΕΛΟΥ,10.00
bus,1546,732,ΙΛΙΟΝ - ΑΓ. ΦΑΝΟΥΡΙΟΣ - ΑΚΑΔΗΜΙΑ (ΚΥΚΛΙΚΗ),10.00
bus,866,Α13,ΟΜΟΝΟΙΑ - ΚΗΠΟΥΠΟΛΗ,10.00
bus,967,421,ΑΓ. ΑΝΑΡΓΥΡΟΙ - ΑΓ. ΠΑΡΑΣΚΕΥΗ,10.00
bus,1018,915,ΛΟΦΟΣ ΒΩΚΟΥ - ΠΡ. ΗΛΙΑΣ (ΚΥΚΛΙΚΗ),10.00
bus,949,220,ΑΝΩ ΙΛΙΣΙΑ - ΑΚΑΔΗΜΙΑ (ΚΥΚΛΙΚΗ),10.00
bus,969,843,ΠΕΙΡΑΙΑΣ - ΠΕΡΑΜΑ,10.00
bus,1386,Β12,ΣΤ. ΑΤΤΙΚΗ - ΑΝΩ ΛΙΟΣΙΑ (ΠΑΝΟΡΑΜΑ),10.00
bus,878,824,ΝΕΑΠΟΛΗ - ΑΓ. ΑΝΤΩΝΙΟΣ - ΠΕΙΡΑΙΑΣ Α (ΚΥΚΛΙΚΗ),10.00
bus,952,250,ΠΑΝΕΠΙΣΤΗΜΙΟΥΠΟΛΗ - ΣΤ. ΕΥΑΓΓΕΛΙΣΜΟΥ (ΚΥΚΛΙΚΗ),10.00
bus,1363,214,ΖΩΟΔΟΧΟΣ ΠΗΓΗ - ΑΚΑΔΗΜΙΑ (ΚΥΚΛΙΚΗ),10.00
bus,938,040,ΠΕΙΡΑΙΑΣ - ΣΥΝΤΑΓΜΑ,10.00
bus,1203,Ε90,ΠΕΙΡΑΙΑΣ - ΠΑΝΕΠΙΣΤΗΜΙΟΥΠΟΛΗ (ΣΧΟΛΙΚΗ EXPRESS),9.22
bus,840,Α15,ΣΤ. ΛΑΡΙΣΗΣ - ΔΑΣΟΣ,9.00
bus,1067,822,ΣΤ. ΑΓ. ΑΝΤΩΝΙΟΣ - ΝΕΑ ΖΩΗ (ΚΥΚΛΙΚΗ),9.00
bus,951,242,ΣΤ. ΚΑΤΕΧΑΚΗ - ΠΟΛΥΤΕΧΝΕΙΟΥΠΟΛΗ (ΚΥΚΛΙΚΗ),9.00
bus,955,308,ΣΤ. ΝΟΜΙΣΜΑΤΟΚΟΠΕΙΟ - ΠΑΙΑΝΙΑ - ΚΟΡΩΠΙ,8.95
bus,1064,724, ΑΧΑΡΝΑΙ (ΜΕΣΟΝΥΧΙ) - Ν. ΙΩΝΙΑ (ΚΥΚΛΙΚΗ) ,8.22
bus,995,805,ΑΣΠΡΟΠΥΡΓΟΣ - ΝΕΟΚΤΙΣΤΑ,7.50
bus,960,608,ΓΑΛΑΤΣΙ - ΑΚΑΔΗΜΙΑ - ΝΕΚΡ. ΖΩΓΡΑΦΟΥ,6.00
bus,917,535,ΖΗΡΙΝΕΙΟ - ΕΥΞΕΙΝΟΣ ΠΟΝΤΟΣ (ΚΥΚΛΙΚΗ),5.00
bus,913,503,ΖΗΡΙΝΕΙΟ - ΒΑΡΥΜΠΟΜΠΗ,5.00
fixed,3,M1,ΓΡΑΜΜΗ 1,7.50
fixed,2,M2,ΓΡΑΜΜΗ 2,5.07
fixed,1,M3,ΓΡΑΜΜΗ 3,4.93
