mode,route_id,route_short_name,route_long_name,med_T3_eve,med_T3W_MULTI_eve,delta_min
bus,904,537,ΑΧΑΡΝΑΙ - ΒΑΡΥΜΠΟΜΠΗ,5.0,55.0,50.0
bus,1560,734,ΑΧΑΡΝΑΙ - ΝΟΣ. ΑΓ. ΑΝΑΡΓΥΡΟΙ (ΚΥΚΛΙΚΗ),9.67,59.4,49.73
bus,1165,301Β,ΣΤ. ΔΟΥΚ. ΠΛΑΚΕΝΤΙΑΣ-ΑΝΘΟΥΣΑ-ΠΕΝΤΕΛΗ (ΚΥΚΛΙΚΗ),1.05,50.0,48.95
bus,1646,314,Β* ΣΤ. ΔΟΥΚ. ΠΛΑΚΕΝΤΙΑΣ - ΠΑΛΛΗΝΗ - Ν. ΒΟΥΤΖΑΣ (2ο Γυμνάσιο),17.18,55.0,37.82
bus,1550,755Β,ΑΧΑΡΝΑΙ-ΚΟΚΚΙΝΟΣ ΜΥΛΟΣ-ΣΤ. ΚΑΤΩ ΠΑΤΗΣΙΑ (ΚΥΚΛΙΚΗ ΜΕΣΩ ΧΑΡΑΥΓΗΣ),15.03,51.15,36.12
bus,939,101,ΑΛΙΜΟΣ - ΕΛΛΗΝΙΚΟ,19.38,55.0,35.620000000000005
bus,1134,726,ΑΧΑΡΝΑΙ (ΜΕΣΟΝΥΧΙ) - ΘΡΑΚΟΜΑΚΕΔΟΝΕΣ (BOYNO)   (ΚΥΚΛΙΚΗ),20.0,55.0,35.0
bus,1162,301,ΣΤ. ΔΟΥΚ. ΠΛΑΚΕΝΤΙΑΣ - ΑΝΘΟΥΣΑ - ΠΕΝΤΕΛΗ (ΚΥΚΛΙΚΗ),10.0,45.0,35.0
bus,1259,749,ΟΙΚΙΣΜΟΣ ΓΕΝΝΗΜΑΤΑ-ΣΤ. ΠΡΟΑΣΤΙΑΚΟΥ (ΚΥΚΛΙΚΗ),5.0,40.0,35.0
bus,854,871,ΠΕΙΡΑΙΑΣ - ΕΛΕΥΣΙΝΑ (ΜΕΣΩ Λ. ΕΘΝ. ΑΝΤΙΣΤΑΣΕΩΣ),20.08,54.67,34.59
bus,871,Β1,ΠΕΙΡΑΙΑΣ - ΑΝΩ ΓΛΥΦΑΔΑ,6.41,40.0,33.59
bus,996,862,ΠΑΡΑΛΙΑ - ΑΝΩ ΕΛΕΥΣΙΝΑ,12.0,45.0,33.0
bus,1183,891,ΑΓ. ΒΑΡΒΑΡΑ - ΑΙΓΑΛΕΩ - ΠΕΡΙΣΤΕΡΙ - ΣΤΑΘ. ΑΤΤΙΚΗΣ (ΚΥΚΛΙΚΗ),12.18,45.0,32.82
bus,844,892,ΑΓ. ΒΑΡΒΑΡΑ - ΧΑΪΔΑΡΙ - ΑΓ. ΑΝΑΡΓΥΡΟΙ-ΙΛΙΟΝ,9.2,40.0,30.8
bus,857,825,ΝΕΑΠΟΛΗ - ΑΓ. ΑΝΤΩΝΙΟΣ - ΠΕΙΡΑΙΑΣ Β (ΚΥΚΛΙΚΗ),8.93,39.29,30.36
bus,1624,543Α,ΣΤΑΘΜΟΣ ΚΗΦΙΣΙΑΣ - ΝΟΣ. ΑΓ. ΑΝΑΡΓΥΡΟΙ (ΜΕΣΩ ΚΑΛΥΦΤΑΚΗ) (ΚΥΚΛΙΚΗ),15.0,45.0,30.0
bus,907,733,ΑΧΑΡΝΑΙ - ΑΝΩ ΛΙΟΣΙΑ (ΚΥΚΛΙΚΗ),10.0,40.0,30.0
bus,813,881,ΕΛΕΥΣΙΝΑ - ΑΣΠΡΟΠΥΡΓΟΣ - ΡΟΥΠΑΚΙ,5.0,35.0,30.0
bus,883,914,ΟΜΟΝΟΙΑ - ΛΑΧΑΝΑΓΟΡΑ - ΠΑΛ. ΚΟΚΚΙΝΙΑ (ΚΥΚΛΙΚΗ),20.0,49.57,29.57
bus,1354,803,ΠΕΙΡΑΙΑΣ - ΔΑΣΟΣ ΧΑΪΔΑΡΙΟΥ,10.57,40.0,29.43
bus,984,640,ΤΟΠΙΚΗ ΗΡΑΚΛΕΙΟΥ (ΚΥΚΛΙΚΗ),10.65,40.0,29.35
bus,1384,711,ΣΤ. ΑΤΤΙΚΗ - ΖΩΦΡΙΑ,11.0,40.0,29.0
bus,911,878,ΑΧΑΡΝΑΙ - ΕΛΕΥΣΙΝΑ,17.38,45.0,27.62
bus,1043,330,ΚΟΡΩΠΙ - ΑΓ. ΜΑΡΙΝΑ (ΚΥΚΛΙΚΗ),10.69,38.23,27.54
bus,1056,444,ΣΤ. ΕΙΡΗΝΗ - ΓΑΛΑΤΣΙ - ΣΤ. ΑΝΩ ΠΑΤΗΣΙΑ (ΚΥΚΛΙΚΗ),14.85,41.23,26.379999999999995
bus,998,522,ΣΤΑΘΜΟΣ ΚΗΦΙΣΙΑΣ - ΑΔΑΜΕΣ Α (ΚΥΚΛΙΚΗ),10.0,35.0,25.0
bus,976,447,ΧΑΛΑΝΔΡΙ - ΑΝΩ ΒΡΙΛΗΣΣΙΑ,10.0,35.0,25.0
bus,1147,727,ΜΕΣΟΝΥΧΙ - ΑΓ. ΚΩΝΣΤΑΝΤΙΝΟΣ - ΑΓ.ΠΑΡΑΣΚΕΥΗ (ΚΥΚΛΙΚΗ),10.0,35.0,25.0
bus,1007,653,ΨΥΧΙΚΟ - ΠΑΝΟΡΜΟΥ Β (ΚΥΚΛΙΚΗ),5.0,30.0,25.0
bus,820,861,ΕΛΕΥΣΙΝΑ - ΜΑΝΔΡΑ (ΟΙΚΙΣΜΟΣ ΤΙΤΑΝ),11.01,35.67,24.660000000000004
bus,912,879,ΑΧΑΡΝΑΙ - ΘΡΙΑΣΙΟ ΝΟΣΟΚΟΜΕΙΟ - ΕΛΕΥΣΙΝΑ,20.57,45.0,24.43
bus,997,523,ΣΤΑΘΜΟΣ ΚΗΦΙΣΙΑΣ - ΑΔΑΜΕΣ Β (ΚΥΚΛΙΚΗ),10.87,35.0,24.130000000000003
bus,914,507,ΖΗΡΙΝΕΙΟ - ΡΟΔΟΠΟΛΗ - ΣΤΑΜΑΤΑ,5.97,30.0,24.03
bus,1057,651,ΨΥΧΙΚΟ - ΠΑΝΟΡΜΟΥ Α (ΚΥΚΛΙΚΗ),6.0,30.0,24.0
bus,1001,524,ΣΤΑΘΜΟΣ ΚΗΦΙΣΙΑΣ - ΠΟΛΙΤΕΙΑ (ΚΥΚΛΙΚΗ),11.11,35.0,23.89
bus,1400,828,ΠΕΙΡΑΙΑΣ - ΘΗΒΩΝ - ΣΤ. ΝΙΚΑΙΑ (ΚΥΚΛΙΚΗ),11.28,35.0,23.72
bus,1034,229,ΠΕΙΡΑΙΑΣ - ΑΓ. ΔΗΜΗΤΡΙΟΣ - ΣΤ. ΔΑΦΝΗ,11.65,35.0,23.35
bus,1033,217,ΠΕΙΡΑΙΑΣ - ΑΓ. ΔΗΜΗΤΡΙΟΣ - ΣΤ. ΔΑΦΝΗ,11.68,35.0,23.32
bus,934,815,ΓΟΥΔΗ - ΤΑΥΡΟΣ,7.25,30.0,22.75
bus,1158,25,ΣΤ. ΑΓ. ΑΝΤΩΝΙΟΣ - ΙΛΙΟΝ - ΚΑΜΑΤΕΡΟ (ΚΥΚΛΙΚΗ),10.63,33.23,22.599999999999994
bus,935,622,ΓΟΥΔΗ - ΑΝΩ ΓΑΛΑΤΣΙ,7.8,30.0,22.2
bus,845,731,ΑΝΘΟΥΠΟΛΗ - ΣΤ. Μ. ΑΝΘΟΥΠΟΛΗ - ΑΤΤΙΚΟ ΝΟΣ. - ΔΑΣΟΣ,8.17,30.0,21.83
bus,875,852,ΝΕΑΠΟΛΗ - ΣΤ. ΜΕΤΡΟ ΑΙΓΑΛΕΩ (ΚΥΚΛΙΚΗ),8.47,29.8,21.33
bus,940,120,ΓΛΥΦΑΔΑ - ΒΑΡΗ - ΠΡΟΑΣΤΙΑΚΟΣ ΣΤ. ΚΟΡΩΠΙΟΥ,18.88,40.0,21.12
bus,1085,18,ΜΟΥΣΕΙΟ - ΧΑΛΑΝΔΡΙ (ΜΕΣΩ ΕΘΝ. ΑΝΤΙΣΤΑΣΕΩΣ),14.08,35.0,20.92
bus,1013,859,ΠΕΙΡΑΙΑΣ-ΔΕΞΑΜΕΝΕΣ-ΝΕΟΣ ΜΩΛΟΣ ΔΡΑΠΕΤΣΩΝΑΣ (ΚΥΚΛΙΚΗ),8.62,29.18,20.560000000000002
bus,851,130,ΠΕΙΡΑΙΑΣ - Ν. ΣΜΥΡΝΗ (ΚΥΚΛΙΚΗ),9.58,30.0,20.42
bus,905,728,ΑΧΑΡΝΑΙ- ΑΓ.ΠΕΤΡΟΣ- ΑΓ.ΙΩΑΝΝΗΣ-ΠΛΑΤΩΝΑΣ (ΚΥΚΛΙΚΗ),9.73,30.0,20.27
bus,1014,860,Π. ΦΑΛΗΡΟ - ΓΕΝ. ΚΡΑΤΙΚΟ ΝΙΚΑΙΑΣ - ΣΧΙΣΤΟ ΚΕΡΑΤΣΙΝΙΟΥ,9.79,30.0,20.21
bus,978,527,ΠΕΥΚΗ - ΝΕΡΑΤΖΙΩΤΙΣΣΑ (ΚΥΚΛΙΚΗ),15.0,35.0,20.0
bus,977,501,ΠΕΥΚΗ - ΜΑΡΟΥΣΙ (ΚΥΚΛΙΚΗ),15.0,35.0,20.0
bus,1042,306,ΣΤ.ΔΟΥΚ.ΠΛΑΚΕΝΤΙΑΣ-ΔΗΜ.ΓΕΡΑΚΑ-ΜΠΑΛΑΝΑ ΓΕΡΑΚΑ (ΚΥΚΛΙΚΗ),10.0,30.0,20.0
bus,1137,832,ΕΥΓΕΝΕΙΑ-ΧΑΡΑΥΓΗ-ΠΕΙΡΑΙΑΣ Α (ΚΥΚΛΙΚΗ),10.0,30.0,20.0
bus,1197,833,ΕΥΓΕΝΕΙΑ-ΧΑΡΑΥΓΗ-ΠΕΙΡΑΙΑΣ Β (ΚΥΚΛΙΚΗ),10.0,30.0,20.0
bus,835,748,ΧΡΥΣΟΥΠΟΛΗ - ΑΝΘΟΥΠΟΛΗ - ΣΤ. ΠΕΡΙΣΤΕΡΙ (ΚΥΚΛΙΚΗ),5.08,25.0,19.92
bus,1129,324,ΑΝΘΟΥΣΑ-ΠΑΛΛΗΝΗ-ΚΑΝΤΖΑ (ΚΥΚΛΙΚΗ),24.32,44.13,19.810000000000002
bus,1041,307,ΣΤ. Δ.ΠΛΑΚΕΝΤΙΑΣ - ΓΛ. ΝΕΡΑ - ΣΤ.ΠΡΟΑΣΤ. ΚΟΡΩΠΙ,10.22,30.0,19.78
bus,1715,827,ΠΕΙΡΑΙΑΣ - ΑΣΠΡΑ ΧΩΜΑΤΑ - ΣΤ. ΝΙΚΑΙΑ (ΚΥΚΛΙΚΗ),10.52,30.0,19.48
bus,1053,411,ΣΤ. ΔΟΥΚ. ΠΛΑΚΕΝΤΙΑΣ - ΣΙΣΜΑΝΟΓΛΕΙΟ - ΧΑΛΑΝΔΡΙ (ΚΥΚΛΙΚΗ),8.9,28.3,19.4
bus,1486,124,ΓΛΥΦΑΔΑ - ΑΓΙΑ ΤΡΙΑΔΑ - ΣΤ. ΑΡΓΥΡΟΥΠΟΛΗΣ (ΚΥΚΛΙΚΗ),6.43,25.0,18.57
bus,1133,725,ΑΧΑΡΝΑΙ (ΜΕΣΟΝΥΧΙ) - ΘΡΑΚΟΜΑΚΕΔΟΝΕΣ (ΠΛ.ΑΡΙΣΤΟΤΕΛΟΥΣ)  (ΚΥΚΛΙΚΗ),21.51,40.0,18.49
bus,1060,451,ΣΤ. ΧΑΛΑΝΔΡΙ - Ν. ΠΕΝΤΕΛΗ - ΧΑΛΑΝΔΡΙ (ΚΥΚΛΙΚΗ),6.83,25.0,18.17
bus,1326,406,ΠΕΥΚΑΚΙΑ -ΣΤ.ΔΟΥΚ.ΠΛΑΚΕΝΤΙΑΣ- ΣΤ.ΝΟΜΙΣΜΑΤΟΚΟΠΕΙΟ (ΚΥΚΛΙΚΗ),6.93,25.0,18.07
bus,1623,543,ΣΤΑΘΜΟΣ ΚΗΦΙΣΙΑΣ - ΝΟΣ. ΑΓ. ΑΝΑΡΓΥΡΟΙ (ΚΥΚΛΙΚΗ),25.0,43.0,18.0
bus,1176,201,ΣΤ. ΑΓ. ΔΗΜΗΤΡΙΟΣ - ΑΡΓΥΡΟΥΠΟΛΗ (ΚΥΚΛΙΚΗ),12.02,30.0,17.98
bus,1062,461,ΣΤ. ΧΑΛΑΝΔΡΙ - Π. ΠΕΝΤΕΛΗ - ΧΑΛΑΝΔΡΙ (ΚΥΚΛΙΚΗ),7.05,25.0,17.95
bus,1004,221,ΠΑΝΕΠΙΣΤΗΜΙΟΥΠΟΛΗ - ΑΚΑΔΗΜΙΑ (ΚΥΚΛΙΚΗ),10.15,28.0,17.85
bus,999,530,ΣΤΑΘΜΟΣ ΚΗΦΙΣΙΑΣ - ΜΕΛΙΣΣΙΑ - Ν. ΠΕΝΤΕΛΗ,7.28,25.0,17.72
bus,948,212,ΣΤ. ΔΑΦΝΗ - ΥΜΗΤΤΟΣ - ΒΥΡΩΝΑΣ - ΚΑΡΕΑΣ,7.38,25.0,17.62
bus,1376,060,ΑΚΑΔΗΜΙΑ - ΛΥΚΑΒΗΤΤΟΣ (ΚΥΚΛΙΚΗ),7.4,25.0,17.6
bus,1069,1,ΠΛ. ΑΤΤΙΚΗΣ - ΚΑΛΛΙΘΕΑ - ΜΟΣΧΑΤΟ,7.45,25.0,17.55
bus,990,747,ΠΕΤΡΟΥΠΟΛΗ - ΠΑΝΟΡΑΜΑ - ΣΤ. ΑΝΘΟΥΠΟΛΗ (ΚΥΚΛΙΚΗ),7.67,25.0,17.33
bus,1404,837,ΑΓΙΑ ΒΑΡΒΑΡΑ - ΣΤ.ΑΓ.ΒΑΡΒΑΡΑ - ΣΤ.ΑΓ.ΜΑΡΙΝΑ (ΚΥΚΛΙΚΗ),7.78,25.0,17.22
bus,831,046,ΜΟΥΣΕΙΟ - ΕΛΛΗΝΟΡΩΣΩΝ,8.41,25.59,17.18
bus,1729,205,ΓΛΥΦΑΔΑ - ΣΟΥΡΜΕΝΑ - ΤΕΡΨΙΘΕΑ (ΚΥΚΛΙΚΗ),8.03,25.0,16.97
bus,1063,619,ΜΕΤΑΜΟΡΦΩΣΗ - Ν. ΦΙΛΑΔΕΛΦΕΙΑ - ΣΤ. ΑΝΩ ΠΑΤΗΣΙΑ (ΚΥΚΛΙΚΗ),8.13,25.0,16.869999999999997
bus,937,140,ΠΟΛΥΓΩΝΟ - ΓΛΥΦΑΔΑ,8.28,24.97,16.689999999999998
bus,1059,450,ΣΤ. ΧΑΛΑΝΔΡΙ - ΧΑΛΑΝΔΡΙ - Ν. ΠΕΝΤΕΛΗ,8.33,25.0,16.67
bus,954,305,ΣΤ. ΝΟΜΙΣΜΑΤΟΚΟΠΕΙΟ - ΑΡΤΕΜΙΣ (ΑΓ. ΝΙΚΟΛΑΟΣ),8.55,25.0,16.45
bus,909,752,ΑΧΑΡΝΑΙ - ΑΓ. ΙΩΑΝΝΗΣ - ΑΓ. ΠΕΤΡΟΣ (ΚΥΚΛΙΚΗ),10.0,26.32,16.32
bus,823,704,ΚΑΜΑΤΕΡΟ - ΠΛ. ΑΓ. ΑΝΑΡΓΥΡΩΝ (ΚΥΚΛΙΚΗ),8.77,25.0,16.23
bus,802,405,ΣΤ. ΧΑΛΑΝΔΡΙ - ΜΕΛΙΣΣΙΑ (ΚΥΚΛΙΚΗ),10.0,26.19,16.19
bus,1720,209,ΥΜΗΤΤΟΣ - ΜΕΤΑΜΟΡΦΩΣΗ - ΣΥΝΤΑΓΜΑ (ΚΥΚΛΙΚΗ),5.44,21.59,16.15
bus,982,642,ΗΡΑΚΛΕΙΟ - ΑΓ. ΝΕΚΤΑΡΙΟΣ - ΠΕΥΚΗ (ΚΥΚΛΙΚΗ),8.92,25.0,16.08
bus,1000,526,ΣΤΑΘΜΟΣ ΚΗΦΙΣΙΑΣ - ΚΕΦΑΛΑΡΙ (ΚΥΚΛΙΚΗ),13.93,30.0,16.07
bus,1055,446,ΣΤ. ΑΜΑΡΟΥΣΙΟΥ - ΝΟΣΟΚ. ΠΕΝΤΕΛΗΣ (ΜΕΣΩ ΠΙΚΠΑ),9.27,25.0,15.73
bus,817,025,ΙΠΠΟΚΡΑΤΟΥΣ - ΠΡΟΦΗΤΗ ΔΑΝΙΗΛ,9.6,25.0,15.4
bus,818,026,ΙΠΠΟΚΡΑΤΟΥΣ - ΒΟΤΑΝΙΚΟΣ,9.7,25.0,15.3
bus,953,304,ΣΤ. ΝΟΜΙΣΜΑΤΟΚΟΠΕΙΟ - ΑΡΤΕΜΙΣ (ΒΡΑΥΡΩΝΑ),9.82,25.0,15.18
bus,890,819,ΠΕΡΑΜΑ - ΝΕΚΡ. ΣΧΙΣΤΟΥ,45.0,60.0,15.0
bus,932,117,ΓΛΥΦΑΔΑ - ΒΟΥΛΙΑΓΜΕΝΗ - ΒΑΡΗ,10.0,25.0,15.0
bus,1397,800,ΝΙΚΑΙΑ - ΣΤ. ΝΙΚΑΙΑ (ΚΥΚΛΙΚΗ),10.0,25.0,15.0
bus,924,164,ΣΤ. ΑΓ. ΔΗΜΗΤΡΙΟΣ - Κ. ΗΛ/ΠΟΛΗ - ΑΡΓ/ΠΟΛΗ - ΤΕΡΨΙΘΕΑ,5.0,20.0,15.0
bus,1649,846,ΝΕΑΠΟΛΗ -  ΣΤ. ΝΙΚΑΙΑ (ΚΥΚΛΙΚΗ),5.0,20.0,15.0
bus,1650,810,ΣΧΙΣΤΟ - ΣΤ. ΚΟΡΥΔΑΛΛΟΣ (ΚΥΚΛΙΚΗ),5.0,20.0,15.0
bus,1652,814,ΣΧΙΣΤΟ ΚΑΡΑΒΑΣ - ΠΕΙΡΑΙΑΣ (ΚΥΚΛΙΚΗ),5.0,20.0,15.0
bus,827,855,ΨΑΡΙ - ΑΣΠΡΟΠΥΡΓΟΣ - ΛΟΦΟΣ ΚΥΡΙΛΛΟΥ,5.0,20.0,15.0
bus,1373,720,ΑΝΑΚΑΣΑ - ΑΓ. ΑΝΑΡΓΥΡΟΙ - ΣΤ. ΑΤΤΙΚΗ (ΚΥΚΛΙΚΗ),5.23,20.0,14.77
bus,927,128,ΓΛΥΦΑΔΑ - ΤΕΡΨΙΘΕΑ (ΚΥΚΛΙΚΗ),10.25,25.0,14.75
bus,846,410,Ο.Α.Κ.Α. - ΑΝΩ ΜΕΛΙΣΣΙΑ (ΚΥΚΛΙΚΗ),10.27,25.0,14.73
bus,1131,709,ΤΟΠΙΚΟ ΔΡΟΣΟΥΠΟΛΗΣ,5.27,20.0,14.73
bus,1381,19Β,ΜΟΥΣΕΙΟ - ΧΑΛΑΝΔΡΙ (ΣΙΔΕΡΑ) (ΚΥΚΛΙΚΗ),15.33,30.0,14.67
bus,985,610,ΦΙΛΟΘΕΗ - ΑΜΠΕΛΟΚΗΠΟΙ (ΚΥΚΛΙΚΗ),10.37,25.0,14.63
bus,1488,154,ΠΑΝ/ΜΑ ΒΟΥΛΑΣ - Α. ΓΛΥΦΑΔΑ - ΣΤ. ΑΡΓΥΡΟΥΠΟΛΗ (ΚΥΚΛΙΚΗ),5.38,20.0,14.620000000000001
bus,1010,818,ΛΙΜ. ΠΕΡΑΜΑΤΟΣ - ΑΝΩ ΠΕΡΑΜΑ (ΚΥΚΛΙΚΗ),5.68,20.0,14.32
bus,1076,16,ΑΓ. ΙΩΑΝΝΗΣ ΡΕΝΤΗΣ - ΠΕΙΡΑΙΑΣ (ΚΥΚΛΙΚΗ),7.17,21.47,14.299999999999999
bus,886,750,ΑΤΤΙΚΟ ΝΟΣΟΚΟΜΕΙΟ - ΣΤ. ΜΕΤΡΟ ΑΙΓΑΛΕΩ - ΝΙΚΑΙΑ,5.77,20.0,14.23
bus,1247,706,ΣΤ. ΑΓ. ΑΝΤΩΝΙΟΣ-ΙΛΙΟΝ (ΜΕΣΩ Λ. ΑΝ. ΠΑΠΑΝΔΡΕΟΥ),7.62,21.82,14.2
bus,1187,509,ΖΗΡΙΝΕΙΟ - ΑΓ. ΣΤΕΦΑΝΟΣ - ΚΡΥΟΝΕΡΙ,5.65,19.78,14.13
bus,1164,420,ΠΕΙΡΑΙΑΣ - ΑΓ. ΑΝΑΡΓΥΡΟΙ  (ΜΕΣΩ ΚΗΦΙΣΟΥ) ,5.9,20.0,14.1
bus,950,235,ΖΩΓΡΑΦΟΥ - ΑΚΑΔΗΜΙΑ (ΚΥΚΛΙΚΗ),5.99,20.0,14.01
bus,1061,460,ΣΤ. ΧΑΛΑΝΔΡΙ - ΧΑΛΑΝΔΡΙ - Π. ΠΕΝΤΕΛΗ,11.0,25.0,14.0
bus,1401,806,ΣΧΙΣΤΟ - ΚΑΡΑΒΑΣ  - ΣΤ. ΚΟΡΥΔΑΛΛΟΣ (ΚΥΚΛΙΚΗ),6.03,20.0,13.969999999999999
bus,1520,052,ΣΤ. ΕΛΑΙΩΝΑ - ΣΤ. ΥΠΕΡ. ΛΕΩΦ. ΚΗΦΙΣΟΥ (ΚΥΚΛΙΚΗ),11.22,25.0,13.78
bus,819,049,ΠΕΙΡΑΙΑΣ - ΟΜΟΝΟΙΑ,6.28,20.0,13.719999999999999
bus,1070,2,ΑΝΩ ΚΥΨΕΛΗ - ΠΑΓΚΡΑΤΙ - ΚΑΙΣΑΡΙΑΝΗ,6.28,20.0,13.719999999999999
bus,1449,109,ΣΤ. ΑΓ. ΔΗΜΗΤΡΙΟΣ - ΑΝΩ ΚΑΛΑΜΑΚΙ (ΚΥΚΛΙΚΗ),5.6,19.25,13.65
bus,1327,407,ΣΤ.ΔΟΥΚ.ΠΛΑΚΕΝΤΙΑΣ- Ν. ΖΩH-ΣΤ.ΝΟΜΙΣΜΑΤΟΚΟΠΕΙΟ (ΚΥΚΛΙΚΗ),6.48,20.0,13.52
bus,1050,402,ΣΤ. ΚΑΤΕΧΑΚΗ - ΠΟΛΥΔΡΟΣΟ,6.5,20.0,13.5
bus,1074,15,ΠΕΤΡΑΛΩΝΑ - ΔΙΚΑΣΤΗΡΙΑ - ΕΛ. ΒΕΝΙΖΕΛΟΥ,6.77,20.0,13.23
bus,1395,842,ΠΕΡΑΜΑ - ΣΤ.ΚΟΡΥΔΑΛΛΟΣ (ΚΥΚΛΙΚΗ),6.8,20.0,13.2
bus,916,536,ΖΗΡΙΝΕΙΟ - ΔΙΟΝΥΣΟΣ,6.8,20.0,13.2
bus,1739,Α11,ΠΛ. ΒΑΘΗ - ΙΛΙΟΝ - ΠΕΤΡΟΥΠΟΛΗ (ΜΕΣΩ ΠΑΝΟΡΑΜΑΤΟΣ),6.83,20.0,13.17
bus,862,811,ΧΑΪΔΑΡΙ - ΣΤ. ΑΓΙΑ ΜΑΡΙΝΑ (ΚΥΚΛΙΚΗ),6.92,20.0,13.08
bus,1027,126,ΠΑΛ. ΦΑΛΗΡΟ - ΣΤ. ΣΥΓΓΡΟΥ ΦΙΞ (ΚΥΚΛΙΚΗ),6.98,20.0,13.02
bus,804,036,ΣΤ. ΚΑΤΕΧΑΚΗ-ΣΤ. ΠΑΝΟΡΜΟΥ-ΓΑΛΑΤΣΙ-ΚΥΨΕΛΗ (ΚΥΚΛΙΚΗ),7.0,20.0,13.0
bus,989,730,ΛΟΦΟΣ ΑΞΙΩΜΑΤΙΚΩΝ - ΣΤ. ΑΓ. ΑΝΤΩΝΙΟΣ - ΖΩΟΔ. ΠΗΓΗ,7.12,20.0,12.879999999999999
bus,1716,838,ΟΜΟΝΟΙΑ - ΡΕΝΤΗΣ - ΠΑΛ. ΚΟΚΚΙΝΙΑ - ΠΕΙΡΑΙΑΣ (ΚΥΚΛΙΚΗ),15.53,28.28,12.750000000000002
bus,1272,314,ΣΤ. ΔΟΥΚ. ΠΛΑΚΕΝΤΙΑΣ - ΠΑΛΛΗΝΗ - ΡΑΦΗΝΑ,10.42,23.07,12.65
bus,847,227,ΑΝΩ ΠΕΤΡΑΛΩΝΑ - ΑΓ. ΑΡΤΕΜΙΟΣ,7.37,20.0,12.629999999999999
bus,824,057,ΛΟΦΟΣ ΣΚΟΥΖΕ - ΟΜΟΝΟΙΑ (ΚΥΚΛΙΚΗ),7.43,20.0,12.57
bus,1396,841,ΠΕΡΑΜΑ - ΣΤ. ΝΙΚΑΙΑ (ΚΥΚΛΙΚΗ),7.47,20.0,12.530000000000001
bus,1021,Β10,ΣΤΑΘΜΟΣ ΛΑΡΙΣΗΣ - ΑΧΑΡΝΑΙ (ΜΕΣΩ ΑΡΙΣΤΟΤΕΛΟΥΣ),7.5,20.0,12.5
bus,810,863,ΕΛΕΥΣΙΝΑ - ΘΡΙΑΣΙΟ ΝΟΣ. - ΜΑΝΔΡΑ ,7.62,20.0,12.379999999999999
bus,1175,131,ΑΜΑΞ. ΑΓ. ΔΗΜΗΤΡΙΟΥ - ΣΤ. ΔΑΦΝΗΣ (ΚΥΚΛΙΚΗ),7.65,20.0,12.35
bus,872,845,ΠΕΙΡΑΙΑΣ - ΕΛΕΥΣΙΝΑ (ΜΕΣΩ ΘΗΒΩΝ),7.67,20.0,12.33
bus,962,Α1,ΠΕΙΡΑΙΑΣ - ΒΟΥΛΑ,7.72,20.0,12.280000000000001
bus,808,813,ΑΒΕΡΩΦ - ΠΡΟΥΣΣΗΣ,5.4,17.68,12.28
bus,961,910,ΣΤ. ΣΥΓΓΡΟΥ ΦΙΞ - ΤΖΙΤΖΙΦΙΕΣ (ΚΥΚΛΙΚΗ),7.83,20.0,12.17
bus,1030,137,ΑΝΩ Ν. ΣΜΥΡΝΗ Α - ΣΤ. ΣΥΓΓΡΟΥ ΦΙΞ (ΚΥΚΛΙΚΗ),8.62,20.73,12.110000000000001
bus,1648,830,ΑΓ. ΒΑΡΒΑΡΑ - ΣΤ. ΚΟΡΥΔΑΛΛΟΣ (ΚΥΚΛΙΚΗ),7.95,20.0,12.05
bus,822,605,ΠΕΡΙΣΣΟΣ - ΑΝΩ ΠΑΤΗΣΙΑ (ΚΥΚΛΙΚΗ),8.15,20.0,11.85
bus,1402,809,ΣΧΙΣΤO - ΣΤ.ΝΙΚΑΙΑ - ΣΤ.ΚΟΡΥΔΑΛΛΟΣ (ΚΥΚΛΙΚΗ),8.25,20.0,11.75
bus,885,300,ΠΛ. ΚΑΡΑΪΣΚΑΚΗ - ΤΖΑΝΕΙΟ (ΚΥΚΛΙΚΗ),12.86,24.55,11.690000000000001
bus,1721,211,ΥΜΗΤΤΟΣ - ΜΕΤΑΜΟΡΦΩΣΗ - ΑΚΑΔΗΜΙΑ (ΚΥΚΛΙΚΗ),5.63,17.32,11.690000000000001
bus,1071,4,ΑΝΩ ΚΥΨΕΛΗ - ΑΓ. ΑΡΤΕΜΙΟΣ - ΣΤ. ΑΓ. ΙΩΑΝΝΗΣ,6.36,18.0,11.64
bus,1357,409,ΠΑΠΑΓΟΥ - ΣΤ. ΕΘΝ. ΑΜΥΝΑ  (ΚΥΚΛΙΚΗ),8.38,20.0,11.62
bus,1740,Β11,ΠΛ. ΒΑΘΗ - ΙΛΙΟΝ - ΠΕΤΡΟΥΠΟΛΗ,8.58,20.0,11.42
bus,812,817,ΕΛΕΥΣΙΝΑ - ΜΑΝΔΡΑ,8.61,20.0,11.39
bus,1081,24,ΠΕΤΡΟΥΠΟΛΗ - ΙΛΙΟΝ - ΣΤ. ΑΓ. ΑΝΤΩΝΙΟΣ (ΚΥΚΛΙΚΗ),8.63,20.0,11.37
bus,1417,735,ΑΧΑΡΝΑΙ - ΖΕΦΥΡΙ - ΣΤ. ΚΑΤΩ ΠΑΤΗΣΙΑ (ΚΥΚΛΙΚΗ),8.67,20.0,11.33
bus,1065,740,ΟΛΥΜΠ. ΧΩΡΙΟ - ΣΚΑ - ΑΧΑΡΝΑΙ - ΑΓ. ΑΝΝΑ (ΚΥΚΛΙΚΗ),8.73,20.0,11.27
bus,987,701,ΚΑΜΑΤΕΡΟ - ΙΛΙΟΝ - ΣΤ. ΑΝΘΟΥΠΟΛΗ (ΚΥΚΛΙΚΗ),8.76,20.0,11.24
bus,899,821,ΑΓΙΑ ΑΝΑΣΤΑΣΙΑ - ΣΤ. ΑΓ. ΑΝΤΩΝΙΟΣ (ΚΥΚΛΙΚΗ),8.82,20.0,11.18
bus,861,807,ΑΝΩ ΚΟΡΥΔΑΛΛΟΣ - ΣΤ. ΜΕΤΡΟ ΑΙΓΑΛΕΩ (ΚΥΚΛΙΚΗ),8.98,20.0,11.02
bus,1083,20,Ν. ΦΑΛΗΡΟ - ΚΑΣΤΕΛΛΑ - ΔΡΑΠΕΤΣΩΝΑ,9.08,20.0,10.92
bus,1244,700,ΠΕΤΡΟΥΠΟΛΗ (ΑΓ. ΤΡΙΑΔΑ)-ΣΤ. ΑΝΘΟΥΠΟΛΗ (ΚΥΚΛΙΚΗ),9.88,20.77,10.889999999999999
bus,1026,106,ΑΓ. ΒΑΡΒΑΡΑ - ΣΤ. ΣΥΓΓΡΟΥ ΦΙΞ (ΚΥΚΛΙΚΗ),9.22,20.0,10.78
bus,1151,021,ΠΛΑΤΕΙΑ ΚΑΝΙΓΓΟΣ - ΓΚΥΖH (ΚΥΚΛΙΚΗ),4.4,15.0,10.6
bus,1367,866,ΑΣΠΡΟΠΥΡΓΟΣ - ΣΤ. ΑΓ. ΜΑΡΙΝΑ (ΚΥΚΛΙΚΗ),4.22,14.72,10.5
bus,1031,136,ΑΝΩ Ν. ΣΜΥΡΝΗ Β - ΣΤ. ΣΥΓΓΡΟΥ ΦΙΞ (ΚΥΚΛΙΚΗ),10.0,20.45,10.45
bus,991,876,ΕΛΕΥΣΙΝΑ - ΣΤ. ΑΓ. ΜΑΡΙΝΑ (ΚΥΚΛΙΚΗ),4.73,15.0,10.27
bus,981,602,Ν. ΙΩΝΙΑ - ΚΑΛΟΓΡΕΖΑ - ΣΤΑΘ. ΠΑΝΟΡΜΟΥ (ΚΥΚΛΙΚΗ),4.87,15.0,10.129999999999999
bus,1406,826,ΠΕΙΡΑΙΑΣ - ΑΓ. ΜΗΝΑΣ (ΚΥΚΛΙΚΗ),4.94,15.0,10.059999999999999
bus,1045,323,ΑΓ.ΝΙΚΟΛΑΟΣ -  ΑΓ.ΚΥΡΙΑΚΗ -  ΒΡΑΥΡΩΝΑ (ΚΥΚΛΙΚΗ),15.0,25.0,10.0
bus,1086,17,ΠΕΙΡΑΙΑΣ - ΑΓ. ΓΕΩΡΓΙΟΣ (ΚΥΚΛΙΚΗ),5.0,15.0,10.0
bus,1173,237,ΑΝΩ ΗΛΙΟΥΠΟΛΗ - ΣΤ. ΔΑΦΝΗΣ (ΚΥΚΛΙΚΗ),5.0,15.0,10.0
bus,874,831,ΠΕΙΡΑΙΑΣ - ΑΙΓΑΛΕΩ,5.0,15.0,10.0
bus,1237,418,ΣΤ. ΕΘΝΙΚΗΣ ΑΜΥΝΑΣ-ΣΧΟΛ. ΧΟΛΑΡΓΟΥ (ΚΥΚΛΙΚΗ),5.0,15.0,10.0
bus,867,723,ΦΥΛΗ - ΑΝΩ ΛΙΟΣΙΑ (ΚΥΚΛΙΚΗ),5.0,15.0,10.0
bus,965,Α7,ΣΤΟΥΡΝΑΡΗ - ΚΗΦΙΣΙΑ (ΠΛΑΤΕΙΑ ΠΛΑΤΑΝΟΥ),4.81,14.81,10.0
bus,1058,Α5,ΑΚΑΔΗΜΙΑ - ΑΓ. ΠΑΡΑΣΚΕΥΗ - ΑΝΘΟΥΣΑ,5.2,15.0,9.8
bus,1024,Β5,ΣΤ. ΛΑΡΙΣΗΣ - Λ. ΑΛΕΞΑΝΔΡΑΣ - ΑΓ. ΠΑΡΑΣΚΕΥΗ,5.22,15.0,9.780000000000001
bus,1072,5,ΛΑΜΠΡΙΝΗ - ΠΛ. ΣΥΝΤΑΓΜΑΤΟΣ - ΤΖΙΤΖΙΦΙΕΣ,5.23,15.0,9.77
bus,1079,11,ΑΝΩ ΠΑΤΗΣΙΑ - Ν. ΠΑΓΚΡΑΤΙ - Ν. ΕΛΒΕΤΙΑ,5.24,15.0,9.76
bus,879,856,ΑΙΓΑΛΕΩ - ΥΜΗΤΤΟΣ - ΔΑΦΝΗ,5.34,15.0,9.66
bus,1078,14 ,ΛΑΜΠΡΙΝΗ - Λ. ΑΛΕΞΑΝΔΡΑΣ - ΓΗΡΟΚΟΜΕΙΟ,5.38,15.0,9.620000000000001
bus,1020,Α10,ΣΤΑΘΜΟΣ ΛΑΡΙΣΗΣ - ΑΧΑΡΝΑΙ,8.98,18.55,9.57
bus,1036,219,ΣΤ. ΚΑΛΛΙΘΕΑ - ΑΓ. ΔΗΜΗΤΡΙΟΣ,5.47,15.0,9.530000000000001
bus,1047,319,ΣΤ. ΔΟΥΚ. ΠΛΑΚΕΝΤΙΑΣ - ΠΑΛΛΗΝΗ - ΕΚΠΤ. ΧΩΡΙΟ ΣΠΑΤΑ (ΚΥΚΛΙΚΗ),5.49,15.0,9.51
bus,1015,904,ΠΛ. ΚΑΡΑΪΣΚΑΚΗ - ΣΤ. ΠΕΙΡΑΙΑ - ΦΡΕΑΤΤΥΔΑ (ΚΥΚΛΙΚΗ),5.52,15.0,9.48
bus,1068,3,Ν. ΦΙΛΑΔΕΛΦΕΙΑ - ΑΝΩ ΠΑΤΗΣΙΑ - ΝΕΟ ΨΥΧΙΚΟ,4.87,14.33,9.46
bus,816,035,ΑΝΩ ΚΥΨΕΛΗ - ΠΕΤΡΑΛΩΝΑ - ΤΑΥΡΟΣ,5.56,15.0,9.440000000000001
bus,1073,6,ΙΠΠΟΚΡΑΤΟΥΣ - ΚΟΣΜΑΣ ΑΙΤΩΛΟΣ - Ν. ΦΙΛΑΔΕΛΦΕΙΑ,6.38,15.75,9.370000000000001
bus,1080,12,ΖΑΠΠΕΙΟ - ΠΕΡΙΣΤΕΡΙ (ΑΓ. ΙΕΡΟΘΕΟΣ),5.67,15.0,9.33
bus,833,Α8,ΠΟΛΥΤΕΧΝΕΙΟ - Ν. ΙΩΝΙΑ - ΜΑΡΟΥΣΙ,5.68,15.0,9.32
bus,1023,Β9,ΧΑΛΚΟΚΟΝΔΥΛΗ - ΜΕΤΑΜΟΡΦΩΣΗ - Ν. ΚΗΦΙΣΙΑ,5.75,15.0,9.25
bus,1422,Α3,ΑΚΑΔΗΜΙΑ - ΓΛΥΦΑΔΑ (ΜΕΣΩ Λ. ΒΟΥΛΙΑΓΜΕΝΗΣ),5.77,15.0,9.23
bus,1556,054,ΠΕΡΙΣΣΟΣ - ΛΑΜΠΡΙΝΗ - ΟΜΟΝΟΙΑ (ΚΥΚΛΙΚΗ),5.82,15.0,9.18
bus,1421,Α2,ΑΚΑΔΗΜΙΑ - ΒΟΥΛΑ (ΜΕΣΩ Λ. ΑΜΦΙΘΕΑΣ),5.85,15.0,9.15
bus,975,230,ΑΚΡΟΠΟΛΗ - ΖΩΓΡΑΦΟΥ,5.85,15.0,9.15
bus,1700,112,ΑΓ. ΔΗΜΗΤΡΙΟΣ - ΣΤ. ΔΑΦΝΗ (ΑΠΟ ΣΤΑΣΗ ΜΑΚΡΥΓΙΑΝΝΗ),5.97,15.0,9.030000000000001
bus,1435,703,ΠΕΙΡΑΙΑΣ - ΑΓ. ΑΝΑΡΓΥΡΟΙ - ΑΓ. ΕΛΕΥΘΕΡΙΟΣ (ΜΕΣΩ ΘΗΒΩΝ),6.05,15.0,8.95
bus,1586,504,ΘΡΑΚΟΜΑΚΕΔΟΝΕΣ - ΚΗΦΙΣΙΑ (ΚΥΚΛΙΚΗ),6.11,15.0,8.89
bus,1539,122,ΣΤ. ΑΡΓΥΡΟΥΠΟΛΗ - ΣΑΡΩΝΙΔΑ,6.17,15.0,8.83
bus,832,Γ12,ΚΑΜΑΤΕΡΟ - ΑΓ. ΝΙΚΟΛΑΟΣ - ΙΛΙΟΝ - ΠΟΛΥΤΕΧΝΕΙΟ (ΚΥΚΛΙΚΗ),6.28,15.0,8.719999999999999
bus,882,906,ΠΛ. ΚΑΡΑΪΣΚΑΚΗ - ΚΑΛΛΙΠΟΛΗ (ΚΥΚΛΙΚΗ),6.35,15.0,8.65
bus,1077,10,ΤΖΙΤΖΙΦΙΕΣ - ΧΑΛΑΝΔΡΙ,6.39,15.0,8.61
bus,926,203,ΚΑΡΕΑΣ - ΑΚΑΔΗΜΙΑ (ΚΥΚΛΙΚΗ),6.62,15.0,8.379999999999999
bus,1653,909,ΑΓ. ΒΑΣΙΛΕΙΟΣ - ΑΓ. ΣΟΦΙΑ - ΚΡΑΤ. ΝΙΚΑΙΑΣ,6.67,15.0,8.33
bus,1489,171,ΒΑΡΚΙΖΑ - ΣΤ. ΑΡΓΥΡΟΥΠΟΛΗ (ΚΥΚΛΙΚΗ),6.83,15.0,8.17
bus,1236,416,ΣΤ.ΕΘΝ.ΑΜΥΝΑΣ - ΧΟΛΑΡΓΟΣ (ΚΥΚΛΙΚΗ),7.15,15.0,7.85
bus,1035,218,ΠΕΙΡΑΙΑΣ - ΣΤ. ΔΑΦΝΗ,7.27,15.0,7.73
bus,1039,302,ΣΤ. ΔΟΥΚ. ΠΛΑΚΕΝΤΙΑΣ - ΓΕΡΑΚΑΣ (ΚΥΚΛΙΚΗ),7.27,15.0,7.73
bus,1066,823,ΣΤ. ΑΓ. ΑΝΤΩΝΙΟΣ - ΑΓ. ΒΑΣΙΛΕΙΟΣ (ΚΥΚΛΙΚΗ),7.28,15.0,7.72
bus,929,116,ΓΛΥΦΑΔΑ - ΒΑΡΗ - ΚΙΤΣΙ,7.46,15.0,7.54
bus,837,719,ΚΗΠΟΥΠΟΛΗ - ΠΑΛΑΤΙΑΝΗ - ΣΤ. ΛΑΡΙΣΗΣ (ΚΥΚΛΙΚΗ),7.5,15.0,7.5
bus,1172,206,ΑΓ.ΜΑΡΙΝΑ - ΣΤ. ΔΑΦΝΗΣ (ΚΥΚΛΙΚΗ),5.0,12.48,7.48
bus,1523,051,ΣΤ. ΥΠΕΡ. ΛΕΩΦ. ΚΗΦΙΣΟΥ - ΟΜΟΝΟΙΑ (ΜΕΣΩ ΑΚΑΔ. ΠΛΑΤ.)(ΚΥΚΛΙΚΗ),2.68,10.0,7.32
bus,1144,755,ΑΧΑΡΝΑΙ-ΚΟΚΚΙΝΟΣ ΜΥΛΟΣ-ΣΤ. ΚΑΤΩ ΠΑΤΗΣΙΑ (ΚΥΚΛΙΚΗ),7.13,14.45,7.319999999999999
bus,1546,732,ΙΛΙΟΝ - ΑΓ. ΦΑΝΟΥΡΙΟΣ - ΑΚΑΔΗΜΙΑ (ΚΥΚΛΙΚΗ),3.01,10.0,6.99
bus,878,824,ΝΕΑΠΟΛΗ - ΑΓ. ΑΝΤΩΝΙΟΣ - ΠΕΙΡΑΙΑΣ Α (ΚΥΚΛΙΚΗ),3.17,10.0,6.83
bus,1450,Β2,ΣΤ. ΣΥΓΓΡΟΥ ΦΙΞ - ΑΓ.ΚΟΣΜΑΣ (ΜΕΣΩ ΠΑΡΑΛΙΑΚΗΣ) (ΚΥΚΛΙΚΗ),8.2,15.0,6.800000000000001
bus,918,721,ΑΧΑΡΝΑΙ - ΚΗΦΙΣΙΑ (ΚΥΚΛΙΚΗ),4.83,10.7,5.869999999999999
bus,1082,21,ΝΙΚΑΙΑ - Π. ΡΑΛΛΗ - ΟΜΟΝΟΙΑ (ΚΥΚΛΙΚΗ),4.81,10.03,5.22
bus,1363,214,ΖΩΟΔΟΧΟΣ ΠΗΓΗ - ΑΚΑΔΗΜΙΑ (ΚΥΚΛΙΚΗ),4.95,10.0,5.05
bus,1375,022,ΑΚΑΔΗΜΙΑ - Ν. ΚΥΨΕΛΗ (ΚΥΚΛΙΚΗ),4.97,10.0,5.03
bus,1006,309,ΚΟΡΩΠΙ - ΣΤ. ΠΡΟΑΣΤΙΑΚΟΥ - ΚΟΡΩΠΙ (ΚΥΚΛΙΚΗ),25.0,30.0,5.0
bus,1399,820,ΚΕΡΑΤΣΙΝΙ - ΣΤ.ΝΙΚΑΙΑ - ΔΡΑΠΕΤΣΩΝΑ (ΚΥΚΛΙΚΗ),10.0,15.0,5.0
bus,799,224,ΚΑΙΣΑΡΙΑΝΗ - ΕΛ. ΒΕΝΙΖΕΛΟΥ,5.0,10.0,5.0
bus,938,040,ΠΕΙΡΑΙΑΣ - ΣΥΝΤΑΓΜΑ,5.0,10.0,5.0
bus,949,220,ΑΝΩ ΙΛΙΣΙΑ - ΑΚΑΔΗΜΙΑ (ΚΥΚΛΙΚΗ),5.0,10.0,5.0
bus,866,Α13,ΟΜΟΝΟΙΑ - ΚΗΠΟΥΠΟΛΗ,5.0,10.0,5.0
bus,967,421,ΑΓ. ΑΝΑΡΓΥΡΟΙ - ΑΓ. ΠΑΡΑΣΚΕΥΗ,5.0,10.0,5.0
bus,969,843,ΠΕΙΡΑΙΑΣ - ΠΕΡΑΜΑ,5.0,10.0,5.0
bus,1032,141,ΣΤ. ΔΑΦΝΗ - ΚΑΛΑΜΑΚΙ (ΚΥΚΛΙΚΗ),5.0,10.0,5.0
bus,1386,Β12,ΣΤ. ΑΤΤΙΚΗ - ΑΝΩ ΛΙΟΣΙΑ (ΠΑΝΟΡΑΜΑ),5.0,10.0,5.0
bus,959,550,Π. ΦΑΛΗΡΟ - ΚΗΦΙΣΙΑ,5.03,10.0,4.97
bus,1064,724, ΑΧΑΡΝΑΙ (ΜΕΣΟΝΥΧΙ) - Ν. ΙΩΝΙΑ (ΚΥΚΛΙΚΗ) ,3.27,8.22,4.950000000000001
bus,1018,915,ΛΟΦΟΣ ΒΩΚΟΥ - ΠΡ. ΗΛΙΑΣ (ΚΥΚΛΙΚΗ),5.08,10.0,4.92
bus,1067,822,ΣΤ. ΑΓ. ΑΝΤΩΝΙΟΣ - ΝΕΑ ΖΩΗ (ΚΥΚΛΙΚΗ),4.37,9.0,4.63
bus,840,Α15,ΣΤ. ΛΑΡΙΣΗΣ - ΔΑΣΟΣ,4.61,9.0,4.39
bus,955,308,ΣΤ. ΝΟΜΙΣΜΑΤΟΚΟΠΕΙΟ - ΠΑΙΑΝΙΑ - ΚΟΡΩΠΙ,4.83,8.95,4.119999999999999
bus,960,608,ΓΑΛΑΤΣΙ - ΑΚΑΔΗΜΙΑ - ΝΕΚΡ. ΖΩΓΡΑΦΟΥ,3.02,6.0,2.98
bus,1617,861Β,ΕΛΕΥΣΙΝΑ – ΜΑΝΔΡΑ - ΒΙΛΙΑ - ΕΡΥΘΡΕΣ,17.2,20.0,2.8000000000000007
bus,995,805,ΑΣΠΡΟΠΥΡΓΟΣ - ΝΕΟΚΤΙΣΤΑ,5.0,7.5,2.5
bus,1643,829,ΠΑΔΑ ΑΡΧΑΙΟΣ ΕΛΑΙΩΝΑΣ - ΣΤ.ΑΙΓΑΛΕΩ - ΠΑΔΑ ΑΛΣΟΣ ΑΙΓΑΛΕΩ (ΚΥΚΛΙΚΗ),12.55,15.0,2.4499999999999993
bus,913,503,ΖΗΡΙΝΕΙΟ - ΒΑΡΥΜΠΟΜΠΗ,4.93,5.0,0.07000000000000028
bus,1223,326,ΣΤ. ΚΑΝΤΖΑ - ΣΠΑΤΑ - ΑΡΤΕΜΙΣ (ΚΥΚΛΙΚΗ),60.0,60.0,0.0
bus,1124,123,ΣΑΡΩΝΙΔΑ-ΑΝΑΒΥΣΣΟΣ-ΠΑΛΑΙΑ ΦΩΚΑΙΑ (ΚΥΚΛΙΚΗ),57.42,57.42,0.0
bus,1547,Χ97,ΑΕΡΟΛΙΜΕΝΑΣ ΑΘΗΝΩΝ - ΣΤ. ΕΛΛΗΝΙΚΟ (EXPRESS) (ΚΥΚΛΙΚΗ),55.23,55.23,0.0
bus,979,541,ΜΕΤΑΜΟΡΦΩΣΗ - ΣΤ. ΑΜΑΡΟΥΣΙΟΥ (ΚΥΚΛΙΚΗ),54.73,54.73,0.0
bus,1707,712,ΑΧΑΡΝΑΙ - ΕΡΓ. ΠΟΛΥΚΑΤΟΙΚΙΕΣ - Α. ΛΙΟΣΙΑ ,50.0,50.0,0.0
bus,1681,310,ΜΑΡΑΘΩΝΑΣ - ΝΕΑ ΜΑΚΡΗ - ΡΑΦΗΝΑ - ΜΑΤΙ - ΜΑΡΑΘΩΝΑΣ (ΚΥΚΛΙΚΗ),50.0,50.0,0.0
bus,750,024,ΑΓ. ΑΝΑΡΓΥΡΟΙ - ΣΤ. ΚΑΤΩ ΠΑΤΗΣΙΑ (ΚΥΚΛΙΚΗ),50.0,50.0,0.0
bus,836,560,ΣΤ. ΚΗΦΙΣΙΑ - ΜΟΡΤΕΡΟ - Ν. ΕΡΥΘΡΑΙΑ,50.0,50.0,0.0
bus,942,142,ΣΤ. ΑΡΓΥΡΟΥΠΟΛΗ - ΚΑΛΑΜΑΚΙ (ΚΥΚΛΙΚΗ),45.0,45.0,0.0
bus,1017,911,ΣΤΑΘ. ΚΑΛΛΙΘΕΑΣ - ΙΔΡ. ΤΥΦΛΩΝ (ΚΥΚΛΙΚΗ),40.0,40.0,0.0
bus,944,162,ΒΟΥΛΑ - ΠΑΝΟΡΑΜΑ (ΚΥΚΛΙΚΗ),35.0,35.0,0.0
bus,1521,Χ93,ΣΤ. ΥΠΕΡ. ΛΕΩΦ. ΚΗΦΙΣΟΥ - ΑΕΡΟΛΙΜΕΝΑΣ ΑΘΗΝΩΝ (EXPRESS),34.72,34.72,0.0
bus,892,Χ96,ΠΕΙΡΑΙΑΣ - ΑΕΡ/ΝΑΣ ΑΘΗΝΩΝ (EXPRESS),30.0,30.0,0.0
bus,1383,Ε14,ΣΥΝΤΑΓΜΑ - Ο.Α.Κ.Α. - ΥΠ. ΠΑΙΔΕΙΑΣ (EXPRESS),25.0,25.0,0.0
bus,1453,811,ΧΑΪΔΑΡΙ - ΣΤ. ΑΓΙΑ ΜΑΡΙΝΑ (ΕΝΑΛΛΑΚΤΙΚΗ ΛΟΓΩ ΛΑΪΚΗΣ ΚΑΘΕ ΤΕΤΑΡΤΗ),15.0,15.0,0.0
bus,1025,Χ95,ΣΥΝΤΑΓΜΑ - ΑΕΡΟΛ. ΑΘΗΝΩΝ (EXPRESS),15.0,15.0,0.0
bus,1178,204Β,ΕΚΕΜΣ - ΑΚΑΔΗΜΙΑ(ΚΥΚΛΙΚΗ),12.5,12.5,0.0
bus,983,604,ΝΟΣ. ΑΓ. ΑΝΑΡΓΥΡΟΙ - ΣΤ. ΜΕΤΑΜΟΡΦΩΣΗΣ - ΝΕΑ ΙΩΝΙΑ (ΚΥΚΛΙΚΗ),12.5,12.5,0.0
bus,952,250,ΠΑΝΕΠΙΣΤΗΜΙΟΥΠΟΛΗ - ΣΤ. ΕΥΑΓΓΕΛΙΣΜΟΥ (ΚΥΚΛΙΚΗ),10.0,10.0,0.0
bus,1203,Ε90,ΠΕΙΡΑΙΑΣ - ΠΑΝΕΠΙΣΤΗΜΙΟΥΠΟΛΗ (ΣΧΟΛΙΚΗ EXPRESS),9.22,9.22,0.0
bus,951,242,ΣΤ. ΚΑΤΕΧΑΚΗ - ΠΟΛΥΤΕΧΝΕΙΟΥΠΟΛΗ (ΚΥΚΛΙΚΗ),9.0,9.0,0.0
bus,903,Β15,ΣΤ. ΛΑΡΙΣΗΣ - ΠΑΛΑΤΑΚΙ,33.77,20.0,-13.770000000000003
bus,917,535,ΖΗΡΙΝΕΙΟ - ΕΥΞΕΙΝΟΣ ΠΟΝΤΟΣ (ΚΥΚΛΙΚΗ),31.86,5.0,-26.86
fixed,2,M2,ΓΡΑΜΜΗ 2,1.15,5.07,3.9200000000000004
fixed,1,M3,ΓΡΑΜΜΗ 3,1.4,4.93,3.53
fixed,3,M1,ΓΡΑΜΜΗ 1,4.0,7.5,3.5
